Workbook

Sheet 00_README
A1: Drona Public School Moodle Master Import Workbook
A3: Updated for Custom Certificate course completion activities. | B3: Single editable Excel control workbook for the Moodle Indian school CLI import CSV pack.
A4: Use course_certificates to review one verified PDF certificate activity per course. | B4: Edit master data and CSV tabs, review Import Sequence and Validation Summary, export the required CSV sheet, then run the CLI dry-run before execute.
A5: Do not change | B5: Do not rename CSV sheets or headers unless you also update the CLI scripts and CSV documentation.
A6: Validation model | B6: Reference lists and validation formulas point from dependent sheets to their master sheets. Dropdowns are applied for common code columns where possible.
A7: Ordered filenames | B7: Export edited CSV sheets using the ordered repository filename shown in 01_IMPORT_SEQUENCE, such as 12_courses.csv or 20_users_students.csv.
A8: Privacy rule | B8: Do not enter full Aadhaar numbers, sensitive medical details, or parent contact data in course content. Use protected profile fields only.
A9: Generated file | B9: /Users/hardik.chauhan/Documents/learning/eLearnMindset/research/drona_public_school/build/workbook_sample/2026-2027/outputs/master-import-workbook/drona_public_school_2026_2027_sample_master.xlsx
A10: Recommended workflow
A11: 1 | B11: Update master lookup sheets first: school, academic years, boards, mediums, grades, streams, divisions, subjects.
A12: 2 | B12: Update generated structure sheets: categories, courses, cohorts, groups.
A13: 3 | B13: Update users, cohort members, role assignments, parent links, and enrolments.
A14: 4 | B14: Update template and academic-year rollover sheets only after the baseline structure is correct.
A15: 5 | B15: Check 03_VALIDATION_SUMMARY for unresolved references.
A16: 6 | B16: Export the required sheet to CSV with the ordered filename from 01_IMPORT_SEQUENCE.
A17: 7 | B17: Run CLI validation and dry-run before production import.

Sheet 01_IMPORT_SEQUENCE
A1: Order | B1: Phase | C1: Ordered CSV file | D1: Logical CSV name | E1: Workbook sheet | F1: Purpose | G1: Depends on | H1: Data rows | I1: Status
A2: 1 | B2: Core master data | C2: 01_school_master.csv | D2: school_master.csv | E2: 05_school_master | F2: School/trust identity and current academic year. | H2: =MAX(0,COUNTA('05_school_master'!$A$2:$A$10000)) | I2: =IF(H2>=0,"Loaded","Check")
A3: 2 | B3: Core master data | C3: 02_academic_years.csv | D3: academic_years.csv | E3: 06_academic_years | F3: Academic-year calendar. | G3: school_master.csv | H3: =MAX(0,COUNTA('06_academic_years'!$A$2:$A$10000)) | I3: =IF(H3>=0,"Loaded","Check")
A4: 3 | B4: Core master data | C4: 03_boards.csv | D4: boards.csv | E4: 07_boards | F4: Education boards. | H4: =MAX(0,COUNTA('07_boards'!$A$2:$A$10000)) | I4: =IF(H4>=0,"Loaded","Check")
A5: 4 | B5: Core master data | C5: 04_mediums.csv | D5: mediums.csv | E5: 08_mediums | F5: Teaching mediums/languages. | H5: =MAX(0,COUNTA('08_mediums'!$A$2:$A$10000)) | I5: =IF(H5>=0,"Loaded","Check")
A6: 5 | B6: Core master data | C6: 05_grades.csv | D6: grades.csv | E6: 09_grades | F6: Grade/class master list. | H6: =MAX(0,COUNTA('09_grades'!$A$2:$A$10000)) | I6: =IF(H6>=0,"Loaded","Check")
A7: 6 | B7: Core master data | C7: 06_streams.csv | D7: streams.csv | E7: 10_streams | F7: Streams such as General, Science, Commerce. | H7: =MAX(0,COUNTA('10_streams'!$A$2:$A$10000)) | I7: =IF(H7>=0,"Loaded","Check")
A8: 7 | B8: Core master data | C8: 07_divisions.csv | D8: divisions.csv | E8: 11_divisions | F8: Class divisions used for Moodle groups. | H8: =MAX(0,COUNTA('11_divisions'!$A$2:$A$10000)) | I8: =IF(H8>=0,"Loaded","Check")
A9: 8 | B9: Core master data | C9: 08_subjects.csv | D9: subjects.csv | E9: 12_subjects | F9: Subject master list. | H9: =MAX(0,COUNTA('12_subjects'!$A$2:$A$10000)) | I9: =IF(H9>=0,"Loaded","Check")
A10: 9 | B10: Core master data | C10: 09_grade_subject_matrix.csv | D10: grade_subject_matrix.csv | E10: 13_grade_subject_matrix | F10: Allowed board/medium/grade/stream/subject combinations. | G10: boards.csv, mediums.csv, grades.csv, streams.csv, subjects.csv | H10: =MAX(0,COUNTA('13_grade_subject_matrix'!$A$2:$A$10000)) | I10: =IF(H10>=0,"Loaded","Check")
A11: 10 | B11: Moodle structure | C11: 10_categories.csv | D11: categories.csv | E11: 14_categories | F11: Moodle course-category hierarchy. | G11: school_master.csv, boards.csv, mediums.csv, grades.csv, streams.csv | H11: =MAX(0,COUNTA('14_categories'!$A$2:$A$10000)) | I11: =IF(H11>=0,"Loaded","Check")
A12: 11 | B12: Moodle structure | C12: 11_optional_year_category_model_categories.csv | D12: optional_year_category_model_categories.csv | E12: 15_optional_year_category_model | F12: Optional year-based category model. | G12: categories.csv, academic_years.csv | H12: =MAX(0,COUNTA('15_optional_year_category_model'!$A$2:$A$10000)) | I12: =IF(H12>=0,"Loaded","Check")
A13: 12 | B13: Moodle structure | C13: 12_courses.csv | D13: courses.csv | E13: 16_courses | F13: Generated Moodle courses. | G13: categories.csv, grade_subject_matrix.csv | H13: =MAX(0,COUNTA('16_courses'!$A$2:$A$10000)) | I13: =IF(H13>=0,"Loaded","Check")
A14: 13 | B14: Moodle structure | C14: 13_courses_with_templatecourse_for_moodle_upload.csv | D14: courses_with_templatecourse_for_moodle_upload.csv | E14: 17_courses_with_templatecourse_ | F14: Moodle native course-upload file using templatecourse. | G14: courses.csv, master_course_template.csv | H14: =MAX(0,COUNTA('17_courses_with_templatecourse_'!$A$2:$A$10000)) | I14: =IF(H14>=0,"Loaded","Check")
A15: 14 | B15: Moodle structure | C15: 14_cohorts.csv | D15: cohorts.csv | E15: 18_cohorts | F15: Student enrolment cohorts. | G15: categories.csv, divisions.csv, academic_years.csv | H15: =MAX(0,COUNTA('18_cohorts'!$A$2:$A$10000)) | I15: =IF(H15>=0,"Loaded","Check")
A16: 15 | B16: Moodle structure | C16: 15_groups.csv | D16: groups.csv | E16: 19_groups | F16: Course-level division groups. | G16: courses.csv, divisions.csv | H16: =MAX(0,COUNTA('19_groups'!$A$2:$A$10000)) | I16: =IF(H16>=0,"Loaded","Check")
A17: 16 | B17: Users and roles | C17: 16_user_profile_fields.csv | D17: user_profile_fields.csv | E17: 20_user_profile_fields | F17: Custom Moodle user-profile fields. | H17: =MAX(0,COUNTA('20_user_profile_fields'!$A$2:$A$10000)) | I17: =IF(H17>=0,"Loaded","Check")
A18: 17 | B18: Users and roles | C18: 17_custom_roles.csv | D18: custom_roles.csv | E18: 21_custom_roles | F18: Custom Moodle roles. | H18: =MAX(0,COUNTA('21_custom_roles'!$A$2:$A$10000)) | I18: =IF(H18>=0,"Loaded","Check")
A19: 18 | B19: Users and roles | C19: 18_role_guidelines.csv | D19: role_guidelines.csv | E19: 22_role_guidelines | F19: Role-assignment guidance. | G19: custom_roles.csv | H19: =MAX(0,COUNTA('22_role_guidelines'!$A$2:$A$10000)) | I19: =IF(H19>=0,"Loaded","Check")
A20: 19 | B20: Users and roles | C20: 19_users_staff.csv | D20: users_staff.csv | E20: 23_users_staff | F20: Staff users. | G20: user_profile_fields.csv | H20: =MAX(0,COUNTA('23_users_staff'!$A$2:$A$10000)) | I20: =IF(H20>=0,"Loaded","Check")
A21: 20 | B21: Users and roles | C21: 20_users_students.csv | D21: users_students.csv | E21: 24_users_students | F21: Student users and school profile fields. | G21: user_profile_fields.csv, cohorts.csv | H21: =MAX(0,COUNTA('24_users_students'!$A$2:$A$10000)) | I21: =IF(H21>=0,"Loaded","Check")
A22: 21 | B22: Users and roles | C22: 21_users_parents.csv | D22: users_parents.csv | E22: 25_users_parents | F22: Parent users. | G22: user_profile_fields.csv | H22: =MAX(0,COUNTA('25_users_parents'!$A$2:$A$10000)) | I22: =IF(H22>=0,"Loaded","Check")
A23: 22 | B23: Users and roles | C23: 22_cohort_members.csv | D23: cohort_members.csv | E23: 26_cohort_members | F23: Student-to-cohort membership. | G23: users_students.csv, cohorts.csv | H23: =MAX(0,COUNTA('26_cohort_members'!$A$2:$A$10000)) | I23: =IF(H23>=0,"Loaded","Check")
A24: 23 | B24: Users and roles | C24: 23_role_assignments.csv | D24: role_assignments.csv | E24: 27_role_assignments | F24: Staff/admin role assignments. | G24: users_staff.csv, custom_roles.csv, categories.csv, courses.csv | H24: =MAX(0,COUNTA('27_role_assignments'!$A$2:$A$10000)) | I24: =IF(H24>=0,"Loaded","Check")
A25: 24 | B25: Users and roles | C25: 24_parent_links.csv | D25: parent_links.csv | E25: 28_parent_links | F25: Parent-child relationships. | G25: users_parents.csv, users_students.csv, custom_roles.csv | H25: =MAX(0,COUNTA('28_parent_links'!$A$2:$A$10000)) | I25: =IF(H25>=0,"Loaded","Check")
A26: 25 | B26: Users and roles | C26: 25_enrolments.csv | D26: enrolments.csv | E26: 29_enrolments | F26: Cohort sync enrolment mappings. | G26: courses.csv, cohorts.csv, groups.csv | H26: =MAX(0,COUNTA('29_enrolments'!$A$2:$A$10000)) | I26: =IF(H26>=0,"Loaded","Check")
A27: 26 | B27: Support | C27: 26_lookup_values.csv | D27: lookup_values.csv | E27: 30_lookup_values | F27: General lookup/reference values. | H27: =MAX(0,COUNTA('30_lookup_values'!$A$2:$A$10000)) | I27: =IF(H27>=0,"Loaded","Check")
A28: 27 | B28: Support | C28: 27_validation_rules.csv | D28: validation_rules.csv | E28: 31_validation_rules | F28: CSV validation rule catalog. | H28: =MAX(0,COUNTA('31_validation_rules'!$A$2:$A$10000)) | I28: =IF(H28>=0,"Loaded","Check")
A29: 28 | B29: Support | C29: 28_source_references.csv | D29: source_references.csv | E29: 32_source_references | F29: Source URL/reference catalog. | H29: =MAX(0,COUNTA('32_source_references'!$A$2:$A$10000)) | I29: =IF(H29>=0,"Loaded","Check")
A30: 29 | B30: Support | C30: 29_summary.csv | D30: summary.csv | E30: 33_summary | F30: Pack summary metrics. | H30: =MAX(0,COUNTA('33_summary'!$A$2:$A$10000)) | I30: =IF(H30>=0,"Loaded","Check")
A31: 30 | B31: Course template | C31: 30_master_course_template.csv | D31: master_course_template.csv | E31: 34_master_course_template | F31: Hidden master course template definition. | H31: =MAX(0,COUNTA('34_master_course_template'!$A$2:$A$10000)) | I31: =IF(H31>=0,"Loaded","Check")
A32: 31 | B32: Course template | C32: 31_course_template_sections.csv | D32: course_template_sections.csv | E32: 35_course_template_sections | F32: Template course sections. | G32: master_course_template.csv | H32: =MAX(0,COUNTA('35_course_template_sections'!$A$2:$A$10000)) | I32: =IF(H32>=0,"Loaded","Check")
A33: 32 | B33: Course template | C33: 32_course_template_activities.csv | D33: course_template_activities.csv | E33: 36_course_template_activities | F33: Template activities and chapter gates. | G33: master_course_template.csv, course_template_sections.csv | H33: =MAX(0,COUNTA('36_course_template_activities'!$A$2:$A$10000)) | I33: =IF(H33>=0,"Loaded","Check")
A34: 33 | B34: Course template | C34: 33_course_template_gradebook.csv | D34: course_template_gradebook.csv | E34: 37_course_template_gradebook | F34: Template gradebook categories. | G34: master_course_template.csv | H34: =MAX(0,COUNTA('37_course_template_gradebook'!$A$2:$A$10000)) | I34: =IF(H34>=0,"Loaded","Check")
A35: 34 | B35: Course template | C35: 34_grade_band_template_adjustments.csv | D35: grade_band_template_adjustments.csv | E35: 38_grade_band_template_adjustme | F35: Grade-band weight and pedagogy adjustments. | G35: course_template_gradebook.csv, grades.csv | H35: =MAX(0,COUNTA('38_grade_band_template_adjustme'!$A$2:$A$10000)) | I35: =IF(H35>=0,"Loaded","Check")
A36: 35 | B36: Course template | C36: 35_subject_template_adjustments.csv | D36: subject_template_adjustments.csv | E36: 39_subject_template_adjustments | F36: Subject-specific template suggestions. | G36: subjects.csv | H36: =MAX(0,COUNTA('39_subject_template_adjustments'!$A$2:$A$10000)) | I36: =IF(H36>=0,"Loaded","Check")
A37: 36 | B37: Course template | C37: 36_completion_tracking_defaults.csv | D37: completion_tracking_defaults.csv | E37: 40_completion_tracking_defaults | F37: Recommended completion settings by activity type. | G37: course_template_activities.csv | H37: =MAX(0,COUNTA('40_completion_tracking_defaults'!$A$2:$A$10000)) | I37: =IF(H37>=0,"Loaded","Check")
A38: 37 | B38: Course template | C38: 37_course_template_application.csv | D38: course_template_application.csv | E38: 41_course_template_application | F38: Map real courses to the master template. | G38: courses.csv, master_course_template.csv | H38: =MAX(0,COUNTA('41_course_template_application'!$A$2:$A$10000)) | I38: =IF(H38>=0,"Loaded","Check")
A39: 38 | B39: Course template | C39: 38_course_template_custom_fields.csv | D39: course_template_custom_fields.csv | E39: 42_course_template_custom_field | F39: Template custom field guidance. | G39: master_course_template.csv | H39: =MAX(0,COUNTA('42_course_template_custom_field'!$A$2:$A$10000)) | I39: =IF(H39>=0,"Loaded","Check")
A40: 39 | B40: Course template | C40: 39_course_template_review_checklist.csv | D40: course_template_review_checklist.csv | E40: 43_course_template_review_check | F40: Template QA checklist. | G40: master_course_template.csv | H40: =MAX(0,COUNTA('43_course_template_review_check'!$A$2:$A$10000)) | I40: =IF(H40>=0,"Loaded","Check")
A41: 40 | B41: Course template | C41: 40_certificate_badge_policy.csv | D41: certificate_badge_policy.csv | E41: 44_certificate_badge_policy | F41: Badge/certificate policy. | G41: course_template_activities.csv | H41: =MAX(0,COUNTA('44_certificate_badge_policy'!$A$2:$A$10000)) | I41: =IF(H41>=0,"Loaded","Check")
A42: 41 | B42: Course template | C42: 41_template_report_access_matrix.csv | D42: template_report_access_matrix.csv | E42: 45_template_report_access_matri | F42: Report access by role. | G42: custom_roles.csv | H42: =MAX(0,COUNTA('45_template_report_access_matri'!$A$2:$A$10000)) | I42: =IF(H42>=0,"Loaded","Check")
A43: 42 | B43: Course template | C43: 42_behat_course_template_coverage_mapping.csv | D43: behat_course_template_coverage_mapping.csv | E43: 46_behat_course_template_covera | F43: Template test coverage mapping. | G43: course_template_activities.csv | H43: =MAX(0,COUNTA('46_behat_course_template_covera'!$A$2:$A$10000)) | I43: =IF(H43>=0,"Loaded","Check")
A44: 43 | B44: Course template | C44: 43_diksha_content_template.csv | D44: diksha_content_template.csv | E44: 47_diksha_content_template | F44: DIKSHA/NCERT/state-board content mapping. | G44: courses.csv, grade_subject_matrix.csv | H44: =MAX(0,COUNTA('47_diksha_content_template'!$A$2:$A$10000)) | I44: =IF(H44>=0,"Loaded","Check")
A45: 44 | B45: Academic year rollover | C45: 44_academic_year_transition_models.csv | D45: academic_year_transition_models.csv | E45: 48_academic_year_transition_mod | F45: Academic-year transition models. | G45: academic_years.csv | H45: =MAX(0,COUNTA('48_academic_year_transition_mod'!$A$2:$A$10000)) | I45: =IF(H45>=0,"Loaded","Check")
A46: 45 | B46: Academic year rollover | C46: 45_academic_year_promotion_rules.csv | D46: academic_year_promotion_rules.csv | E46: 49_academic_year_promotion_rule | F46: Promotion rules by grade/stream/result. | G46: grades.csv, streams.csv | H46: =MAX(0,COUNTA('49_academic_year_promotion_rule'!$A$2:$A$10000)) | I46: =IF(H46>=0,"Loaded","Check")
A47: 46 | B47: Academic year rollover | C47: 46_academic_year_rollover_checklist.csv | D47: academic_year_rollover_checklist.csv | E47: 50_academic_year_rollover_check | F47: Rollover checklist. | G47: academic_year_transition_models.csv | H47: =MAX(0,COUNTA('50_academic_year_rollover_check'!$A$2:$A$10000)) | I47: =IF(H47>=0,"Loaded","Check")
A48: 47 | B48: Academic year rollover | C48: 47_promotion_policy.csv | D48: promotion_policy.csv | E48: 51_promotion_policy | F48: Promotion policy reference. | G48: academic_year_promotion_rules.csv | H48: =MAX(0,COUNTA('51_promotion_policy'!$A$2:$A$10000)) | I48: =IF(H48>=0,"Loaded","Check")
A49: 48 | B49: Academic year rollover | C49: 48_promotion_status_codes.csv | D49: promotion_status_codes.csv | E49: 52_promotion_status_codes | F49: Promotion status codes. | H49: =MAX(0,COUNTA('52_promotion_status_codes'!$A$2:$A$10000)) | I49: =IF(H49>=0,"Loaded","Check")
A50: 49 | B50: Academic year rollover | C50: 49_promotion_validation_rules.csv | D50: promotion_validation_rules.csv | E50: 53_promotion_validation_rules | F50: Promotion validation rules. | G50: promotion_actions.csv | H50: =MAX(0,COUNTA('53_promotion_validation_rules'!$A$2:$A$10000)) | I50: =IF(H50>=0,"Loaded","Check")
A51: 50 | B51: Academic year rollover | C51: 50_student_status_codes.csv | D51: student_status_codes.csv | E51: 54_student_status_codes | F51: Student status codes. | G51: users_students.csv | H51: =MAX(0,COUNTA('54_student_status_codes'!$A$2:$A$10000)) | I51: =IF(H51>=0,"Loaded","Check")
A52: 51 | B52: Academic year rollover | C52: 51_student_academic_history_template.csv | D52: student_academic_history_template.csv | E52: 55_student_academic_history_tem | F52: Student academic history records. | G52: users_students.csv, academic_years.csv, cohorts.csv | H52: =MAX(0,COUNTA('55_student_academic_history_tem'!$A$2:$A$10000)) | I52: =IF(H52>=0,"Loaded","Check")
A53: 52 | B53: Academic year rollover | C53: 52_student_promotion_plan_2027_2028.csv | D53: student_promotion_plan_2027_2028.csv | E53: 56_student_promotion_plan_2027_ | F53: Next-year student promotion plan. | G53: users_students.csv, cohorts.csv, academic_years.csv | H53: =MAX(0,COUNTA('56_student_promotion_plan_2027_'!$A$2:$A$10000)) | I53: =IF(H53>=0,"Loaded","Check")
A54: 53 | B54: Academic year rollover | C54: 53_promotion_actions.csv | D54: promotion_actions.csv | E54: 57_promotion_actions | F54: Executable promotion action rows. | G54: student_promotion_plan_2027_2028.csv, cohorts.csv | H54: =MAX(0,COUNTA('57_promotion_actions'!$A$2:$A$10000)) | I54: =IF(H54>=0,"Loaded","Check")
A55: 54 | B55: Academic year rollover | C55: 54_next_year_courses_2027_2028.csv | D55: next_year_courses_2027_2028.csv | E55: 58_next_year_courses_2027_2028 | F55: Prepared next-year courses. | G55: courses.csv, categories.csv | H55: =MAX(0,COUNTA('58_next_year_courses_2027_2028'!$A$2:$A$10000)) | I55: =IF(H55>=0,"Loaded","Check")
A56: 55 | B56: Academic year rollover | C56: 55_next_year_cohorts_2027_2028.csv | D56: next_year_cohorts_2027_2028.csv | E56: 59_next_year_cohorts_2027_2028 | F56: Prepared next-year cohorts. | G56: cohorts.csv, categories.csv | H56: =MAX(0,COUNTA('59_next_year_cohorts_2027_2028'!$A$2:$A$10000)) | I56: =IF(H56>=0,"Loaded","Check")
A57: 56 | B57: Academic year rollover | C57: 56_next_year_groups_2027_2028.csv | D57: next_year_groups_2027_2028.csv | E57: 60_next_year_groups_2027_2028 | F57: Prepared next-year groups. | G57: next_year_courses_2027_2028.csv, divisions.csv | H57: =MAX(0,COUNTA('60_next_year_groups_2027_2028'!$A$2:$A$10000)) | I57: =IF(H57>=0,"Loaded","Check")
A58: 57 | B58: Academic year rollover | C58: 57_next_year_enrolments_2027_2028.csv | D58: next_year_enrolments_2027_2028.csv | E58: 61_next_year_enrolments_2027_20 | F58: Prepared next-year enrolments. | G58: next_year_courses_2027_2028.csv, next_year_cohorts_2027_2028.csv, next_year_groups_2027_2028.csv | H58: =MAX(0,COUNTA('61_next_year_enrolments_2027_20'!$A$2:$A$10000)) | I58: =IF(H58>=0,"Loaded","Check")
A59: 58 | B59: Academic year rollover | C59: 58_alumni_cohorts_2027.csv | D59: alumni_cohorts_2027.csv | E59: 62_alumni_cohorts_2027 | F59: Alumni/exit cohorts. | G59: cohorts.csv, academic_years.csv | H59: =MAX(0,COUNTA('62_alumni_cohorts_2027'!$A$2:$A$10000)) | I59: =IF(H59>=0,"Loaded","Check")
A60: 59 | B60: Academic year rollover | C60: 59_archive_policy.csv | D60: archive_policy.csv | E60: 63_archive_policy | F60: Archive policy. | G60: academic_years.csv | H60: =MAX(0,COUNTA('63_archive_policy'!$A$2:$A$10000)) | I60: =IF(H60>=0,"Loaded","Check")
A61: 60 | B61: Support | C61: 60_improvement_backlog.csv | D61: improvement_backlog.csv | E61: 64_improvement_backlog | F61: Future improvements. | H61: =MAX(0,COUNTA('64_improvement_backlog'!$A$2:$A$10000)) | I61: =IF(H61>=0,"Loaded","Check")
A62: 61 | B62: Support | C62: 61_compatibility_matrix.csv | D62: compatibility_matrix.csv | E62: 65_compatibility_matrix | F62: Moodle/version compatibility reference. | H62: =MAX(0,COUNTA('65_compatibility_matrix'!$A$2:$A$10000)) | I62: =IF(H62>=0,"Loaded","Check")
A63: 62 | B63: Support | C63: assessment_plan.csv | D63: assessment_plan.csv | E63: 66_assessment_plan | F63: Additional CSV discovered in the pack. | H63: =MAX(0,COUNTA('66_assessment_plan'!$A$2:$A$10000)) | I63: =IF(H63>=0,"Loaded","Check")
A64: 63 | B64: Support | C64: attendance_policy.csv | D64: attendance_policy.csv | E64: 67_attendance_policy | F64: Additional CSV discovered in the pack. | H64: =MAX(0,COUNTA('67_attendance_policy'!$A$2:$A$10000)) | I64: =IF(H64>=0,"Loaded","Check")
A65: 64 | B65: Support | C65: course_certificates.csv | D65: course_certificates.csv | E65: 68_course_certificates | F65: Additional CSV discovered in the pack. | H65: =MAX(0,COUNTA('68_course_certificates'!$A$2:$A$10000)) | I65: =IF(H65>=0,"Loaded","Check")
A66: 65 | B66: Support | C66: course_final_exams.csv | D66: course_final_exams.csv | E66: 69_course_final_exams | F66: Additional CSV discovered in the pack. | H66: =MAX(0,COUNTA('69_course_final_exams'!$A$2:$A$10000)) | I66: =IF(H66>=0,"Loaded","Check")
A67: 66 | B67: Support | C67: course_term_exams.csv | D67: course_term_exams.csv | E67: 70_course_term_exams | F67: Additional CSV discovered in the pack. | H67: =MAX(0,COUNTA('70_course_term_exams'!$A$2:$A$10000)) | I67: =IF(H67>=0,"Loaded","Check")
A68: 67 | B68: Support | C68: exam_terms.csv | D68: exam_terms.csv | E68: 71_exam_terms | F68: Additional CSV discovered in the pack. | H68: =MAX(0,COUNTA('71_exam_terms'!$A$2:$A$10000)) | I68: =IF(H68>=0,"Loaded","Check")
A69: 68 | B69: Support | C69: gradebook_weights.csv | D69: gradebook_weights.csv | E69: 72_gradebook_weights | F69: Additional CSV discovered in the pack. | H69: =MAX(0,COUNTA('72_gradebook_weights'!$A$2:$A$10000)) | I69: =IF(H69>=0,"Loaded","Check")

Sheet 02_REFERENCE_RULES
A1: Rule # | B1: Target CSV | C1: Target field | D1: Reference CSV | E1: Reference field | F1: Purpose | G1: Formula pattern
A2: 1 | B2: 09_grade_subject_matrix.csv | C2: board_code | D2: 03_boards.csv | E2: board_code | F2: Board must exist before subject matrix rows. | G2: =IF(LEN('13_grade_subject_matrix'!A2)=0,"Blank",IF(COUNTIF('07_boards'!$A$2:$A$10000,'13_grade_subject_matrix'!A2)>0,"OK","Missing"))
A3: 2 | B3: 09_grade_subject_matrix.csv | C3: medium_code | D3: 04_mediums.csv | E3: medium_code | F3: Medium must exist before subject matrix rows. | G3: =IF(LEN('13_grade_subject_matrix'!B2)=0,"Blank",IF(COUNTIF('08_mediums'!$A$2:$A$10000,'13_grade_subject_matrix'!B2)>0,"OK","Missing"))
A4: 3 | B4: 09_grade_subject_matrix.csv | C4: grade_code | D4: 05_grades.csv | E4: grade_code | F4: Grade must exist before subject matrix rows. | G4: =IF(LEN('13_grade_subject_matrix'!C2)=0,"Blank",IF(COUNTIF('09_grades'!$A$2:$A$10000,'13_grade_subject_matrix'!C2)>0,"OK","Missing"))
A5: 4 | B5: 09_grade_subject_matrix.csv | C5: stream_code | D5: 06_streams.csv | E5: stream_code | F5: Stream must exist before subject matrix rows. | G5: =IF(LEN('13_grade_subject_matrix'!D2)=0,"Blank",IF(COUNTIF('10_streams'!$A$2:$A$10000,'13_grade_subject_matrix'!D2)>0,"OK","Missing"))
A6: 5 | B6: 09_grade_subject_matrix.csv | C6: subject_code | D6: 08_subjects.csv | E6: subject_code | F6: Subject must exist before subject matrix rows. | G6: =IF(LEN('13_grade_subject_matrix'!E2)=0,"Blank",IF(COUNTIF('12_subjects'!$A$2:$A$10000,'13_grade_subject_matrix'!E2)>0,"OK","Missing"))
A7: 6 | B7: 10_categories.csv | C7: parent_category_code | D7: 10_categories.csv | E7: category_code | F7: Parent category must exist in the same category sheet unless blank. | G7: =IF(LEN('14_categories'!B2)=0,"Blank",IF(COUNTIF('14_categories'!$A$2:$A$10000,'14_categories'!B2)>0,"OK","Missing"))
A8: 7 | B8: 12_courses.csv | C8: category_code | D8: 10_categories.csv | E8: category_code | F8: Course category must exist. | G8: =IF(LEN('16_courses'!E2)=0,"Blank",IF(COUNTIF('14_categories'!$A$2:$A$10000,'16_courses'!E2)>0,"OK","Missing"))
A9: 8 | B9: 12_courses.csv | C9: board_code | D9: 03_boards.csv | E9: board_code | F9: Course board must exist. | G9: =IF(LEN('16_courses'!F2)=0,"Blank",IF(COUNTIF('07_boards'!$A$2:$A$10000,'16_courses'!F2)>0,"OK","Missing"))
A10: 9 | B10: 12_courses.csv | C10: medium_code | D10: 04_mediums.csv | E10: medium_code | F10: Course medium must exist. | G10: =IF(LEN('16_courses'!H2)=0,"Blank",IF(COUNTIF('08_mediums'!$A$2:$A$10000,'16_courses'!H2)>0,"OK","Missing"))
A11: 10 | B11: 12_courses.csv | C11: grade_code | D11: 05_grades.csv | E11: grade_code | F11: Course grade must exist. | G11: =IF(LEN('16_courses'!I2)=0,"Blank",IF(COUNTIF('09_grades'!$A$2:$A$10000,'16_courses'!I2)>0,"OK","Missing"))
A12: 11 | B12: 12_courses.csv | C12: stream_code | D12: 06_streams.csv | E12: stream_code | F12: Course stream must exist. | G12: =IF(LEN('16_courses'!J2)=0,"Blank",IF(COUNTIF('10_streams'!$A$2:$A$10000,'16_courses'!J2)>0,"OK","Missing"))
A13: 12 | B13: 12_courses.csv | C13: subject_code | D13: 08_subjects.csv | E13: subject_code | F13: Course subject must exist. | G13: =IF(LEN('16_courses'!K2)=0,"Blank",IF(COUNTIF('12_subjects'!$A$2:$A$10000,'16_courses'!K2)>0,"OK","Missing"))
... A40: 39 | B40: 53_promotion_actions.csv | C40: to_cohort_code | D40: 55_next_year_cohorts_2027_2028.csv | E40: cohort_code | F40: Promotion target cohort must exist. | G40: =IF(LEN('57_promotion_actions'!G2)=0,"Blank",IF(COUNTIF('59_next_year_cohorts_2027_2028'!$A$2:$A$10000,'57_promotion_actions'!G2)>0,"OK","Missing"))

Sheet 03_VALIDATION_SUMMARY
A1: Rule # | B1: Target CSV | C1: Target field | D1: Reference CSV | E1: Reference field | F1: Invalid references | G1: Status
A2: 1 | B2: 09_grade_subject_matrix.csv | C2: board_code | D2: 03_boards.csv | E2: board_code | F2: 0 | G2: OK
A3: 2 | B3: 09_grade_subject_matrix.csv | C3: medium_code | D3: 04_mediums.csv | E3: medium_code | F3: 0 | G3: OK
A4: 3 | B4: 09_grade_subject_matrix.csv | C4: grade_code | D4: 05_grades.csv | E4: grade_code | F4: 0 | G4: OK
A5: 4 | B5: 09_grade_subject_matrix.csv | C5: stream_code | D5: 06_streams.csv | E5: stream_code | F5: 0 | G5: OK
A6: 5 | B6: 09_grade_subject_matrix.csv | C6: subject_code | D6: 08_subjects.csv | E6: subject_code | F6: 0 | G6: OK
A7: 6 | B7: 10_categories.csv | C7: parent_category_code | D7: 10_categories.csv | E7: category_code | F7: 0 | G7: OK
A8: 7 | B8: 12_courses.csv | C8: category_code | D8: 10_categories.csv | E8: category_code | F8: 0 | G8: OK
A9: 8 | B9: 12_courses.csv | C9: board_code | D9: 03_boards.csv | E9: board_code | F9: 0 | G9: OK
A10: 9 | B10: 12_courses.csv | C10: medium_code | D10: 04_mediums.csv | E10: medium_code | F10: 0 | G10: OK
A11: 10 | B11: 12_courses.csv | C11: grade_code | D11: 05_grades.csv | E11: grade_code | F11: 0 | G11: OK
A12: 11 | B12: 12_courses.csv | C12: stream_code | D12: 06_streams.csv | E12: stream_code | F12: 0 | G12: OK
A13: 12 | B13: 12_courses.csv | C13: subject_code | D13: 08_subjects.csv | E13: subject_code | F13: 0 | G13: OK
... A40: 39 | B40: 53_promotion_actions.csv | C40: to_cohort_code | D40: 55_next_year_cohorts_2027_2028.csv | E40: cohort_code | F40: 0 | G40: OK

Sheet status
A1: type | B1: filename | C1: count | D1: status | E1: action
A2: automatic | B2: ALL_AUTOMATIC_SHEETS id_number_formula: rebuild every macro-generated sheet from current master rows | C2: =SUMIF(A7:A2000,"automatic",C7:C2000) | D2: CONTROL | E2: Run all automatic macros: use the macro-enabled .ods workbook
A3: automatic | B3: STATUS_ONLY id_number_formula: recalculate health formulas after manual review | D3: CONTROL | E3: Refresh status: use the macro-enabled .ods workbook
A4: automatic | B4: CLEAR_AUTOMATIC_SHEETS id_number_formula: remove data rows from macro-generated sheets | D4: CONTROL | E4: Clear automatic data: use the macro-enabled .ods workbook
A5: automatic | B5: RESET_AUTOMATIC_SHEETS id_number_formula: clear and regenerate all macro-generated sheets | D5: CONTROL | E5: Reset and regenerate: use the macro-enabled .ods workbook
A7: manual | B7: 01_school_master.csv id_number_formula: Manual/source rows; follow worksheet column contract worksheet: 05_school_master | C7: =COUNTA('05_school_master'!A2:A100000) | D7: MANUAL | E7: Manual edit
A8: manual | B8: 02_academic_years.csv id_number_formula: Manual/source rows; follow worksheet column contract worksheet: 06_academic_years | C8: =COUNTA('06_academic_years'!A2:A100000) | D8: MANUAL | E8: Manual edit
A9: manual | B9: 03_boards.csv id_number_formula: Manual/source rows; follow worksheet column contract worksheet: 07_boards | C9: =COUNTA('07_boards'!A2:A100000) | D9: MANUAL | E9: Manual edit
A10: manual | B10: 04_mediums.csv id_number_formula: Manual/source rows; follow worksheet column contract worksheet: 08_mediums | C10: =COUNTA('08_mediums'!A2:A100000) | D10: MANUAL | E10: Manual edit
A11: manual | B11: 05_grades.csv id_number_formula: Manual/source rows; follow worksheet column contract worksheet: 09_grades | C11: =COUNTA('09_grades'!A2:A100000) | D11: MANUAL | E11: Manual edit
A12: manual | B12: 06_streams.csv id_number_formula: Manual/source rows; follow worksheet column contract worksheet: 10_streams | C12: =COUNTA('10_streams'!A2:A100000) | D12: MANUAL | E12: Manual edit
A13: manual | B13: 07_divisions.csv id_number_formula: Manual/source rows; follow worksheet column contract worksheet: 11_divisions | C13: =COUNTA('11_divisions'!A2:A100000) | D13: MANUAL | E13: Manual edit
A14: manual | B14: 08_subjects.csv id_number_formula: Manual/source rows; follow worksheet column contract worksheet: 12_subjects | C14: =COUNTA('12_subjects'!A2:A100000) | D14: MANUAL | E14: Manual edit
A15: automatic | B15: 09_grade_subject_matrix.csv id_number_formula: <BOARD_CODE>-<MEDIUM_CODE>-<GRADE_CODE>-<STREAM_CODE>-<SUBJECT_CODE> worksheet: 13_grade_subject_matrix | C15: =COUNTA('13_grade_subject_matrix'!A2:A100000) | D15: =IF(C15=(C18),"PASSED","FAILED") | E15: Run macro: use the macro-enabled .ods workbook
A16: automatic | B16: 10_categories.csv id_number_formula: <TRUST_CODE>_<BOARD_CODE>_<SCHOOL_CODE>_<YYYY_YYYY>_<MEDIUM_CODE>_<GRADE_CODE>_<STREAM_CODE> worksheet: 14_categories | C16: =COUNTA('14_categories'!A2:A100000) | D16: =IF(C16>0,"PASSED","FAILED") | E16: Run macro: use the macro-enabled .ods workbook
A17: automatic | B17: 11_optional_year_category_model_categories.csv id_number_formula: <TRUST_CODE>_<BOARD_CODE>_<SCHOOL_CODE>_<YYYY_YYYY>_<MEDIUM_CODE>_<GRADE_CODE>_<STREAM_CODE> worksheet: 15_optional_year_category_model | C17: =COUNTA('15_optional_year_category_model'!A2:A100000) | D17: =IF(C17=(C16),"PASSED","FAILED") | E17: Run macro: use the macro-enabled .ods workbook
A18: automatic | B18: 12_courses.csv id_number_formula: <SCHOOL_CODE>-<BOARD_CODE>-<MEDIUM_CODE>-<GRADE_CODE>-<STREAM_CODE>-<SUBJECT_CODE>-<START_YEAR> worksheet: 16_courses | C18: =COUNTA('16_courses'!A2:A100000) | D18: =IF(C18=(C15),"PASSED","FAILED") | E18: Run macro: use the macro-enabled .ods workbook
A19: automatic | B19: 13_courses_with_templatecourse_for_moodle_upload.csv id_number_formula: <SCHOOL_CODE>-<BOARD_CODE>-<MEDIUM_CODE>-<GRADE_CODE>-<STREAM_CODE>-<SUBJECT_CODE>-<START_YEAR> worksheet: 17_courses_with_templatecourse_ | C19: =COUNTA('17_courses_with_templatecourse_'!A2:A100000) | D19: =IF(C19=(C18),"PASSED","FAILED") | E19: Run macro: use the macro-enabled .ods workbook
A20: automatic | B20: 14_cohorts.csv id_number_formula: <SCHOOL_CODE>-<START_YEAR>-<BOARD_CODE>-<MEDIUM_CODE>-<GRADE_CODE>-<STREAM_CODE>-<DIVISION_CODE> worksheet: 18_cohorts | C20: =COUNTA('18_cohorts'!A2:A100000) | D20: =IF(C20>0,"PASSED","FAILED") | E20: Run macro: use the macro-enabled .ods workbook
A21: automatic | B21: 15_groups.csv id_number_formula: <COURSE_CODE>-<DIVISION_CODE> worksheet: 19_groups | C21: =COUNTA('19_groups'!A2:A100000) | D21: =IF(C21=(C18*COUNTA('11_divisions'!A2:A100000)),"PASSED","FAILED") | E21: Run macro: use the macro-enabled .ods workbook
A22: manual | B22: 16_user_profile_fields.csv id_number_formula: Manual/source rows; follow worksheet column contract worksheet: 20_user_profile_fields | C22: =COUNTA('20_user_profile_fields'!A2:A100000) | D22: MANUAL | E22: Manual edit
A23: manual | B23: 17_custom_roles.csv id_number_formula: Manual/source rows; follow worksheet column contract worksheet: 21_custom_roles | C23: =COUNTA('21_custom_roles'!A2:A100000) | D23: MANUAL | E23: Manual edit
A24: manual | B24: 18_role_guidelines.csv id_number_formula: Manual/source rows; follow worksheet column contract worksheet: 22_role_guidelines | C24: =COUNTA('22_role_guidelines'!A2:A100000) | D24: MANUAL | E24: Manual edit
A25: manual | B25: 19_users_staff.csv id_number_formula: Manual/source rows; follow worksheet column contract worksheet: 23_users_staff | C25: =COUNTA('23_users_staff'!A2:A100000) | D25: MANUAL | E25: Manual edit
A26: manual | B26: 20_users_students.csv id_number_formula: Manual/source rows; follow worksheet column contract worksheet: 24_users_students | C26: =COUNTA('24_users_students'!A2:A100000) | D26: MANUAL | E26: Manual edit
A27: manual | B27: 21_users_parents.csv id_number_formula: Manual/source rows; follow worksheet column contract worksheet: 25_users_parents | C27: =COUNTA('25_users_parents'!A2:A100000) | D27: MANUAL | E27: Manual edit
A28: automatic | B28: 22_cohort_members.csv id_number_formula: <COHORT_CODE> + <STUDENT_USERNAME> worksheet: 26_cohort_members | C28: =COUNTA('26_cohort_members'!A2:A100000) | D28: =IF(C28=(C26),"PASSED","FAILED") | E28: Run macro: use the macro-enabled .ods workbook
A29: manual | B29: 23_role_assignments.csv id_number_formula: Manual/source rows; follow worksheet column contract worksheet: 27_role_assignments | C29: =COUNTA('27_role_assignments'!A2:A100000) | D29: MANUAL | E29: Manual edit
A30: manual | B30: 24_parent_links.csv id_number_formula: Manual/source rows; follow worksheet column contract worksheet: 28_parent_links | C30: =COUNTA('28_parent_links'!A2:A100000) | D30: MANUAL | E30: Manual edit
A31: automatic | B31: 25_enrolments.csv id_number_formula: <COURSE_CODE> + <COHORT_CODE> + cohort_sync worksheet: 29_enrolments | C31: =COUNTA('29_enrolments'!A2:A100000) | D31: =IF(C31=(C21),"PASSED","FAILED") | E31: Run macro: use the macro-enabled .ods workbook
A32: manual | B32: 26_lookup_values.csv id_number_formula: Manual/source rows; follow worksheet column contract worksheet: 30_lookup_values | C32: =COUNTA('30_lookup_values'!A2:A100000) | D32: MANUAL | E32: Manual edit
A33: manual | B33: 27_validation_rules.csv id_number_formula: Manual/source rows; follow worksheet column contract worksheet: 31_validation_rules | C33: =COUNTA('31_validation_rules'!A2:A100000) | D33: MANUAL | E33: Manual edit
A34: manual | B34: 28_source_references.csv id_number_formula: Manual/source rows; follow worksheet column contract worksheet: 32_source_references | C34: =COUNTA('32_source_references'!A2:A100000) | D34: MANUAL | E34: Manual edit
A35: automatic | B35: 29_summary.csv id_number_formula: Generated pack health summary from workbook source rows worksheet: 33_summary | C35: =COUNTA('33_summary'!A2:A100000) | D35: =IF(C35=(8),"PASSED","FAILED") | E35: Run macro: use the macro-enabled .ods workbook
A36: manual | B36: 30_master_course_template.csv id_number_formula: Manual/source rows; follow worksheet column contract worksheet: 34_master_course_template | C36: =COUNTA('34_master_course_template'!A2:A100000) | D36: MANUAL | E36: Manual edit
A37: manual | B37: 31_course_template_sections.csv id_number_formula: Manual/source rows; follow worksheet column contract worksheet: 35_course_template_sections | C37: =COUNTA('35_course_template_sections'!A2:A100000) | D37: MANUAL | E37: Manual edit
A38: manual | B38: 32_course_template_activities.csv id_number_formula: Manual/source rows; follow worksheet column contract worksheet: 36_course_template_activities | C38: =COUNTA('36_course_template_activities'!A2:A100000) | D38: MANUAL | E38: Manual edit
A39: manual | B39: 33_course_template_gradebook.csv id_number_formula: Manual/source rows; follow worksheet column contract worksheet: 37_course_template_gradebook | C39: =COUNTA('37_course_template_gradebook'!A2:A100000) | D39: MANUAL | E39: Manual edit
A40: manual | B40: 34_grade_band_template_adjustments.csv id_number_formula: Manual/source rows; follow worksheet column contract worksheet: 38_grade_band_template_adjustme | C40: =COUNTA('38_grade_band_template_adjustme'!A2:A100000) | D40: MANUAL | E40: Manual edit
A41: manual | B41: 35_subject_template_adjustments.csv id_number_formula: Manual/source rows; follow worksheet column contract worksheet: 39_subject_template_adjustments | C41: =COUNTA('39_subject_template_adjustments'!A2:A100000) | D41: MANUAL | E41: Manual edit
A42: manual | B42: 36_completion_tracking_defaults.csv id_number_formula: Manual/source rows; follow worksheet column contract worksheet: 40_completion_tracking_defaults | C42: =COUNTA('40_completion_tracking_defaults'!A2:A100000) | D42: MANUAL | E42: Manual edit
A43: automatic | B43: 37_course_template_application.csv id_number_formula: <COURSE_CODE> + <TEMPLATECOURSE> worksheet: 41_course_template_application | C43: =COUNTA('41_course_template_application'!A2:A100000) | D43: =IF(C43=(C18),"PASSED","FAILED") | E43: Run macro: use the macro-enabled .ods workbook
A44: manual | B44: 38_course_template_custom_fields.csv id_number_formula: Manual/source rows; follow worksheet column contract worksheet: 42_course_template_custom_field | C44: =COUNTA('42_course_template_custom_field'!A2:A100000) | D44: MANUAL | E44: Manual edit
A45: manual | B45: 39_course_template_review_checklist.csv id_number_formula: Manual/source rows; follow worksheet column contract worksheet: 43_course_template_review_check | C45: =COUNTA('43_course_template_review_check'!A2:A100000) | D45: MANUAL | E45: Manual edit
A46: manual | B46: 40_certificate_badge_policy.csv id_number_formula: Manual/source rows; follow worksheet column contract worksheet: 44_certificate_badge_policy | C46: =COUNTA('44_certificate_badge_policy'!A2:A100000) | D46: MANUAL | E46: Manual edit
A47: manual | B47: 41_template_report_access_matrix.csv id_number_formula: Manual/source rows; follow worksheet column contract worksheet: 45_template_report_access_matri | C47: =COUNTA('45_template_report_access_matri'!A2:A100000) | D47: MANUAL | E47: Manual edit
A48: manual | B48: 42_behat_course_template_coverage_mapping.csv id_number_formula: Manual/source rows; follow worksheet column contract worksheet: 46_behat_course_template_covera | C48: =COUNTA('46_behat_course_template_covera'!A2:A100000) | D48: MANUAL | E48: Manual edit
A49: manual | B49: 43_diksha_content_template.csv id_number_formula: Manual/source rows; follow worksheet column contract worksheet: 47_diksha_content_template | C49: =COUNTA('47_diksha_content_template'!A2:A100000) | D49: MANUAL | E49: Manual edit
A50: manual | B50: 44_academic_year_transition_models.csv id_number_formula: Manual/source rows; follow worksheet column contract worksheet: 48_academic_year_transition_mod | C50: =COUNTA('48_academic_year_transition_mod'!A2:A100000) | D50: MANUAL | E50: Manual edit
A51: manual | B51: 45_academic_year_promotion_rules.csv id_number_formula: Manual/source rows; follow worksheet column contract worksheet: 49_academic_year_promotion_rule | C51: =COUNTA('49_academic_year_promotion_rule'!A2:A100000) | D51: MANUAL | E51: Manual edit
A52: automatic | B52: 46_academic_year_rollover_checklist.csv id_number_formula: Generated standard academic-year rollover checklist worksheet: 50_academic_year_rollover_check | C52: =COUNTA('50_academic_year_rollover_check'!A2:A100000) | D52: =IF(C52=(8),"PASSED","FAILED") | E52: Run macro: use the macro-enabled .ods workbook
A53: manual | B53: 47_promotion_policy.csv id_number_formula: Manual/source rows; follow worksheet column contract worksheet: 51_promotion_policy | C53: =COUNTA('51_promotion_policy'!A2:A100000) | D53: MANUAL | E53: Manual edit
A54: manual | B54: 48_promotion_status_codes.csv id_number_formula: Manual/source rows; follow worksheet column contract worksheet: 52_promotion_status_codes | C54: =COUNTA('52_promotion_status_codes'!A2:A100000) | D54: MANUAL | E54: Manual edit
A55: manual | B55: 49_promotion_validation_rules.csv id_number_formula: Manual/source rows; follow worksheet column contract worksheet: 53_promotion_validation_rules | C55: =COUNTA('53_promotion_validation_rules'!A2:A100000) | D55: MANUAL | E55: Manual edit
A56: manual | B56: 50_student_status_codes.csv id_number_formula: Manual/source rows; follow worksheet column contract worksheet: 54_student_status_codes | C56: =COUNTA('54_student_status_codes'!A2:A100000) | D56: MANUAL | E56: Manual edit
A57: automatic | B57: 51_student_academic_history_template.csv id_number_formula: <STUDENT_USERNAME> + <ACADEMIC_YEAR> worksheet: 55_student_academic_history_tem | C57: =COUNTA('55_student_academic_history_tem'!A2:A100000) | D57: =IF(C57=(C26),"PASSED","FAILED") | E57: Run macro: use the macro-enabled .ods workbook
A58: automatic | B58: 52_student_promotion_plan_2027_2028.csv id_number_formula: <STUDENT_USERNAME> + <NEXT_ACADEMIC_YEAR> worksheet: 56_student_promotion_plan_2027_ | C58: =COUNTA('56_student_promotion_plan_2027_'!A2:A100000) | D58: =IF(C58=(C26),"PASSED","FAILED") | E58: Run macro: use the macro-enabled .ods workbook
A59: manual | B59: 53_promotion_actions.csv id_number_formula: Manual/source rows; follow worksheet column contract worksheet: 57_promotion_actions | C59: =COUNTA('57_promotion_actions'!A2:A100000) | D59: MANUAL | E59: Manual edit
A60: automatic | B60: 54_next_year_courses_2027_2028.csv id_number_formula: <SCHOOL_CODE>-<BOARD_CODE>-<MEDIUM_CODE>-<GRADE_CODE>-<STREAM_CODE>-<SUBJECT_CODE>-<NEXT_START_YEAR> worksheet: 58_next_year_courses_2027_2028 | C60: =COUNTA('58_next_year_courses_2027_2028'!A2:A100000) | D60: =IF(C60=(C18),"PASSED","FAILED") | E60: Run macro: use the macro-enabled .ods workbook
A61: automatic | B61: 55_next_year_cohorts_2027_2028.csv id_number_formula: <SCHOOL_CODE>-<NEXT_START_YEAR>-<BOARD_CODE>-<MEDIUM_CODE>-<GRADE_CODE>-<STREAM_CODE>-<DIVISION_CODE> worksheet: 59_next_year_cohorts_2027_2028 | C61: =COUNTA('59_next_year_cohorts_2027_2028'!A2:A100000) | D61: =IF(C61=(C20),"PASSED","FAILED") | E61: Run macro: use the macro-enabled .ods workbook
A62: automatic | B62: 56_next_year_groups_2027_2028.csv id_number_formula: <NEXT_COURSE_CODE>-<DIVISION_CODE> worksheet: 60_next_year_groups_2027_2028 | C62: =COUNTA('60_next_year_groups_2027_2028'!A2:A100000) | D62: =IF(C62=(C21),"PASSED","FAILED") | E62: Run macro: use the macro-enabled .ods workbook
A63: automatic | B63: 57_next_year_enrolments_2027_2028.csv id_number_formula: <NEXT_COURSE_CODE> + <NEXT_COHORT_CODE> + cohort_sync worksheet: 61_next_year_enrolments_2027_20 | C63: =COUNTA('61_next_year_enrolments_2027_20'!A2:A100000) | D63: =IF(C63=(C31),"PASSED","FAILED") | E63: Run macro: use the macro-enabled .ods workbook
A64: automatic | B64: 58_alumni_cohorts_2027.csv id_number_formula: <SCHOOL_CODE>-ALUMNI-<NEXT_START_YEAR>-<BOARD_CODE>-<MEDIUM_CODE>-<GRADE_CODE>-<STREAM_CODE>-<DIVISION_CODE> worksheet: 62_alumni_cohorts_2027 | C64: =COUNTA('62_alumni_cohorts_2027'!A2:A100000) | D64: =IF(C64=(COUNTIF('18_cohorts'!H2:H100000,"STD12")),"PASSED","FAILED") | E64: Run macro: use the macro-enabled .ods workbook
A65: automatic | B65: 59_archive_policy.csv id_number_formula: Generated standard archive and retention policy checklist worksheet: 63_archive_policy | C65: =COUNTA('63_archive_policy'!A2:A100000) | D65: =IF(C65=(4),"PASSED","FAILED") | E65: Run macro: use the macro-enabled .ods workbook
A66: manual | B66: 60_improvement_backlog.csv id_number_formula: Manual/source rows; follow worksheet column contract worksheet: 64_improvement_backlog | C66: =COUNTA('64_improvement_backlog'!A2:A100000) | D66: MANUAL | E66: Manual edit
A67: automatic | B67: 61_compatibility_matrix.csv id_number_formula: Generated Moodle component compatibility matrix worksheet: 65_compatibility_matrix | C67: =COUNTA('65_compatibility_matrix'!A2:A100000) | D67: =IF(C67=(18),"PASSED","FAILED") | E67: Run macro: use the macro-enabled .ods workbook
A68: automatic | B68: assessment_plan.csv id_number_formula: <COURSE_CODE> + assessment policy worksheet: 66_assessment_plan | C68: =COUNTA('66_assessment_plan'!A2:A100000) | D68: =IF(C68=(C18),"PASSED","FAILED") | E68: Run macro: use the macro-enabled .ods workbook
A69: automatic | B69: attendance_policy.csv id_number_formula: <GRADE_CODE> + <ACADEMIC_YEAR> worksheet: 67_attendance_policy | C69: =COUNTA('67_attendance_policy'!A2:A100000) | D69: =IF(C69=(COUNTA('09_grades'!A2:A100000)),"PASSED","FAILED") | E69: Run macro: use the macro-enabled .ods workbook
A70: automatic | B70: course_certificates.csv id_number_formula: <COURSE_CODE> + certificate policy worksheet: 68_course_certificates | C70: =COUNTA('68_course_certificates'!A2:A100000) | D70: =IF(C70=(C18),"PASSED","FAILED") | E70: Run macro: use the macro-enabled .ods workbook
A71: automatic | B71: course_final_exams.csv id_number_formula: <COURSE_CODE> + FINAL worksheet: 69_course_final_exams | C71: =COUNTA('69_course_final_exams'!A2:A100000) | D71: =IF(C71=(C18),"PASSED","FAILED") | E71: Run macro: use the macro-enabled .ods workbook
A72: automatic | B72: course_term_exams.csv id_number_formula: <COURSE_CODE> + <TERM_CODE> worksheet: 70_course_term_exams | C72: =COUNTA('70_course_term_exams'!A2:A100000) | D72: =IF(C72=(C18*COUNTIFS('71_exam_terms'!A2:A100000,"<>FINAL",'71_exam_terms'!A2:A100000,"<>")),"PASSED","FAILED") | E72: Run macro: use the macro-enabled .ods workbook
A73: manual | B73: exam_terms.csv id_number_formula: Manual/source rows; follow worksheet column contract worksheet: 71_exam_terms | C73: =COUNTA('71_exam_terms'!A2:A100000) | D73: MANUAL | E73: Manual edit
A74: automatic | B74: gradebook_weights.csv id_number_formula: <COURSE_CODE> + gradebook weight policy worksheet: 72_gradebook_weights | C74: =COUNTA('72_gradebook_weights'!A2:A100000) | D74: =IF(C74=(C18),"PASSED","FAILED") | E74: Run macro: use the macro-enabled .ods workbook

Sheet 04_REF_LISTS
A1: board_codes | B1: medium_codes | C1: grade_codes | D1: stream_codes | E1: division_codes | F1: subject_codes | G1: category_codes | H1: course_codes | I1: course_shortnames | J1: cohort_codes | K1: staff_usernames | L1: student_usernames | M1: parent_usernames | N1: role_shortnames | O1: template_codes | P1: academic_years | Q1: next_year_course_codes | R1: next_year_cohort_codes
A2: ='07_boards'!A2 | B2: ='08_mediums'!A2 | C2: ='09_grades'!A2 | D2: ='10_streams'!A2 | E2: ='11_divisions'!A2 | F2: ='12_subjects'!A2 | G2: ='14_categories'!A2 | H2: ='16_courses'!A2 | I2: ='16_courses'!C2 | J2: ='18_cohorts'!A2 | K2: ='23_users_staff'!A2 | L2: ='24_users_students'!A2 | M2: ='25_users_parents'!A2 | N2: ='21_custom_roles'!A2 | O2: ='34_master_course_template'!A2 | P2: ='06_academic_years'!A2 | Q2: ='58_next_year_courses_2027_2028'!A2 | R2: ='59_next_year_cohorts_2027_2028'!A2
A3: ='07_boards'!A3 | B3: ='08_mediums'!A3 | C3: ='09_grades'!A3 | D3: ='10_streams'!A3 | E3: ='11_divisions'!A3 | F3: ='12_subjects'!A3 | G3: ='14_categories'!A3 | H3: ='16_courses'!A3 | I3: ='16_courses'!C3 | J3: ='18_cohorts'!A3 | K3: ='23_users_staff'!A3 | L3: ='24_users_students'!A3 | M3: ='25_users_parents'!A3 | N3: ='21_custom_roles'!A3 | O3: ='34_master_course_template'!A3 | P3: ='06_academic_years'!A3 | Q3: ='58_next_year_courses_2027_2028'!A3 | R3: ='59_next_year_cohorts_2027_2028'!A3
A4: ='07_boards'!A4 | B4: ='08_mediums'!A4 | C4: ='09_grades'!A4 | D4: ='10_streams'!A4 | E4: ='11_divisions'!A4 | F4: ='12_subjects'!A4 | G4: ='14_categories'!A4 | H4: ='16_courses'!A4 | I4: ='16_courses'!C4 | J4: ='18_cohorts'!A4 | K4: ='23_users_staff'!A4 | L4: ='24_users_students'!A4 | M4: ='25_users_parents'!A4 | N4: ='21_custom_roles'!A4 | O4: ='34_master_course_template'!A4 | P4: ='06_academic_years'!A4 | Q4: ='58_next_year_courses_2027_2028'!A4 | R4: ='59_next_year_cohorts_2027_2028'!A4
A5: ='07_boards'!A5 | B5: ='08_mediums'!A5 | C5: ='09_grades'!A5 | D5: ='10_streams'!A5 | E5: ='11_divisions'!A5 | F5: ='12_subjects'!A5 | G5: ='14_categories'!A5 | H5: ='16_courses'!A5 | I5: ='16_courses'!C5 | J5: ='18_cohorts'!A5 | K5: ='23_users_staff'!A5 | L5: ='24_users_students'!A5 | M5: ='25_users_parents'!A5 | N5: ='21_custom_roles'!A5 | O5: ='34_master_course_template'!A5 | P5: ='06_academic_years'!A5 | Q5: ='58_next_year_courses_2027_2028'!A5 | R5: ='59_next_year_cohorts_2027_2028'!A5
A6: ='07_boards'!A6 | B6: ='08_mediums'!A6 | C6: ='09_grades'!A6 | D6: ='10_streams'!A6 | E6: ='11_divisions'!A6 | F6: ='12_subjects'!A6 | G6: ='14_categories'!A6 | H6: ='16_courses'!A6 | I6: ='16_courses'!C6 | J6: ='18_cohorts'!A6 | K6: ='23_users_staff'!A6 | L6: ='24_users_students'!A6 | M6: ='25_users_parents'!A6 | N6: ='21_custom_roles'!A6 | O6: ='34_master_course_template'!A6 | P6: ='06_academic_years'!A6 | Q6: ='58_next_year_courses_2027_2028'!A6 | R6: ='59_next_year_cohorts_2027_2028'!A6
A7: ='07_boards'!A7 | B7: ='08_mediums'!A7 | C7: ='09_grades'!A7 | D7: ='10_streams'!A7 | E7: ='11_divisions'!A7 | F7: ='12_subjects'!A7 | G7: ='14_categories'!A7 | H7: ='16_courses'!A7 | I7: ='16_courses'!C7 | J7: ='18_cohorts'!A7 | K7: ='23_users_staff'!A7 | L7: ='24_users_students'!A7 | M7: ='25_users_parents'!A7 | N7: ='21_custom_roles'!A7 | O7: ='34_master_course_template'!A7 | P7: ='06_academic_years'!A7 | Q7: ='58_next_year_courses_2027_2028'!A7 | R7: ='59_next_year_cohorts_2027_2028'!A7
A8: ='07_boards'!A8 | B8: ='08_mediums'!A8 | C8: ='09_grades'!A8 | D8: ='10_streams'!A8 | E8: ='11_divisions'!A8 | F8: ='12_subjects'!A8 | G8: ='14_categories'!A8 | H8: ='16_courses'!A8 | I8: ='16_courses'!C8 | J8: ='18_cohorts'!A8 | K8: ='23_users_staff'!A8 | L8: ='24_users_students'!A8 | M8: ='25_users_parents'!A8 | N8: ='21_custom_roles'!A8 | O8: ='34_master_course_template'!A8 | P8: ='06_academic_years'!A8 | Q8: ='58_next_year_courses_2027_2028'!A8 | R8: ='59_next_year_cohorts_2027_2028'!A8
A9: ='07_boards'!A9 | B9: ='08_mediums'!A9 | C9: ='09_grades'!A9 | D9: ='10_streams'!A9 | E9: ='11_divisions'!A9 | F9: ='12_subjects'!A9 | G9: ='14_categories'!A9 | H9: ='16_courses'!A9 | I9: ='16_courses'!C9 | J9: ='18_cohorts'!A9 | K9: ='23_users_staff'!A9 | L9: ='24_users_students'!A9 | M9: ='25_users_parents'!A9 | N9: ='21_custom_roles'!A9 | O9: ='34_master_course_template'!A9 | P9: ='06_academic_years'!A9 | Q9: ='58_next_year_courses_2027_2028'!A9 | R9: ='59_next_year_cohorts_2027_2028'!A9
A10: ='07_boards'!A10 | B10: ='08_mediums'!A10 | C10: ='09_grades'!A10 | D10: ='10_streams'!A10 | E10: ='11_divisions'!A10 | F10: ='12_subjects'!A10 | G10: ='14_categories'!A10 | H10: ='16_courses'!A10 | I10: ='16_courses'!C10 | J10: ='18_cohorts'!A10 | K10: ='23_users_staff'!A10 | L10: ='24_users_students'!A10 | M10: ='25_users_parents'!A10 | N10: ='21_custom_roles'!A10 | O10: ='34_master_course_template'!A10 | P10: ='06_academic_years'!A10 | Q10: ='58_next_year_courses_2027_2028'!A10 | R10: ='59_next_year_cohorts_2027_2028'!A10
A11: ='07_boards'!A11 | B11: ='08_mediums'!A11 | C11: ='09_grades'!A11 | D11: ='10_streams'!A11 | E11: ='11_divisions'!A11 | F11: ='12_subjects'!A11 | G11: ='14_categories'!A11 | H11: ='16_courses'!A11 | I11: ='16_courses'!C11 | J11: ='18_cohorts'!A11 | K11: ='23_users_staff'!A11 | L11: ='24_users_students'!A11 | M11: ='25_users_parents'!A11 | N11: ='21_custom_roles'!A11 | O11: ='34_master_course_template'!A11 | P11: ='06_academic_years'!A11 | Q11: ='58_next_year_courses_2027_2028'!A11 | R11: ='59_next_year_cohorts_2027_2028'!A11
A12: ='07_boards'!A12 | B12: ='08_mediums'!A12 | C12: ='09_grades'!A12 | D12: ='10_streams'!A12 | E12: ='11_divisions'!A12 | F12: ='12_subjects'!A12 | G12: ='14_categories'!A12 | H12: ='16_courses'!A12 | I12: ='16_courses'!C12 | J12: ='18_cohorts'!A12 | K12: ='23_users_staff'!A12 | L12: ='24_users_students'!A12 | M12: ='25_users_parents'!A12 | N12: ='21_custom_roles'!A12 | O12: ='34_master_course_template'!A12 | P12: ='06_academic_years'!A12 | Q12: ='58_next_year_courses_2027_2028'!A12 | R12: ='59_next_year_cohorts_2027_2028'!A12
A13: ='07_boards'!A13 | B13: ='08_mediums'!A13 | C13: ='09_grades'!A13 | D13: ='10_streams'!A13 | E13: ='11_divisions'!A13 | F13: ='12_subjects'!A13 | G13: ='14_categories'!A13 | H13: ='16_courses'!A13 | I13: ='16_courses'!C13 | J13: ='18_cohorts'!A13 | K13: ='23_users_staff'!A13 | L13: ='24_users_students'!A13 | M13: ='25_users_parents'!A13 | N13: ='21_custom_roles'!A13 | O13: ='34_master_course_template'!A13 | P13: ='06_academic_years'!A13 | Q13: ='58_next_year_courses_2027_2028'!A13 | R13: ='59_next_year_cohorts_2027_2028'!A13
... A10000: ='07_boards'!A10000 | B10000: ='08_mediums'!A10000 | C10000: ='09_grades'!A10000 | D10000: ='10_streams'!A10000 | E10000: ='11_divisions'!A10000 | F10000: ='12_subjects'!A10000 | G10000: ='14_categories'!A10000 | H10000: ='16_courses'!A10000 | I10000: ='16_courses'!C10000 | J10000: ='18_cohorts'!A10000 | K10000: ='23_users_staff'!A10000 | L10000: ='24_users_students'!A10000 | M10000: ='25_users_parents'!A10000 | N10000: ='21_custom_roles'!A10000 | O10000: ='34_master_course_template'!A10000 | P10000: ='06_academic_years'!A10000 | Q10000: ='58_next_year_courses_2027_2028'!A10000 | R10000: ='59_next_year_cohorts_2027_2028'!A10000

Sheet 05_school_master
A1: trust_code | B1: trust_name | C1: school_code | D1: school_name | E1: udise_code | F1: affiliation_no | G1: school_type | H1: address_line1 | I1: address_line2 | J1: city | K1: district | L1: state | M1: pincode | N1: phone | O1: email | P1: website | Q1: principal_username | R1: academic_year
A2: DRONA_TRUST | B2: Drona Education Trust | C2: DPS | D2: Drona Public School | E2: DPS-DEMO-0001 | F2: GSEB-DEMO-2026 | G2: Private unaided co-educational school | H2: Drona Public School Campus | I2: Near Knowledge Park | J2: Ahmedabad | K2: Ahmedabad | L2: Gujarat | M2: 380015 | N2: +91-79-40000000 | O2: office@dronapublicschool.example | P2: https://dronapublicschool.example | Q2: principal.sharma | R2: 2026-2027

Sheet 06_academic_years
A1: academic_year | B1: start_date | C1: end_date | D1: is_current
A2: 2026-2027 | B2: 2026-04-01 | C2: 2027-03-31 | D2: 1
A3: 2027-2028 | B3: 2027-04-01 | C3: 2028-03-31 | D3: 0
A4: 2028-2029 | B4: 2028-04-01 | C4: 2029-03-31 | D4: 0
A5: 2029-2030 | B5: 2029-04-01 | C5: 2030-03-31 | D5: 0

Sheet 07_boards
A1: board_code | B1: board_name | C1: board_type | D1: country | E1: state | F1: source_url
A2: GSEB | B2: Gujarat Board Education | C2: State Board | D2: India | E2: Gujarat | F2: https://gujarat-education.gov.in/

Sheet 08_mediums
A1: medium_code | B1: medium_name | C1: language_code
A2: GUJ | B2: Gujarati Medium | C2: gu
A3: ENG | B3: English Medium | C3: en
A4: HIN | B4: Hindi Medium | C4: hi

Sheet 09_grades
A1: grade_code | B1: grade_name | C1: display_order | D1: stage | E1: moodle_label
A2: STD01 | B2: Standard 1 | C2: 1 | D2: Primary | E2: Grade 1
A3: STD02 | B3: Standard 2 | C3: 2 | D3: Primary | E3: Grade 2
A4: STD03 | B4: Standard 3 | C4: 3 | D4: Primary | E4: Grade 3
A5: STD04 | B5: Standard 4 | C5: 4 | D5: Primary | E5: Grade 4
A6: STD05 | B6: Standard 5 | C6: 5 | D6: Primary | E6: Grade 5
A7: STD06 | B7: Standard 6 | C7: 6 | D7: Upper Primary | E7: Grade 6
A8: STD07 | B8: Standard 7 | C8: 7 | D8: Upper Primary | E8: Grade 7
A9: STD08 | B9: Standard 8 | C9: 8 | D9: Upper Primary | E9: Grade 8
A10: STD09 | B10: Standard 9 | C10: 9 | D10: Secondary | E10: Grade 9
A11: STD10 | B11: Standard 10 | C11: 10 | D11: Secondary | E11: Grade 10
A12: STD11 | B12: Standard 11 | C12: 11 | D12: Higher Secondary | E12: Grade 11
A13: STD12 | B13: Standard 12 | C13: 12 | D13: Higher Secondary | E13: Grade 12

Sheet 10_streams
A1: stream_code | B1: stream_name | C1: applies_to | D1: notes
A2: GEN | B2: General | C2: STD01-STD10 | D2: General stream for primary, upper primary and secondary grades.
A3: SCI | B3: Science | C3: STD11_SCI|STD12_SCI | D3: Higher secondary Science stream.
A4: COM | B4: Commerce | C4: STD11_COM|STD12_COM | D4: Higher secondary Commerce stream.
A5: ARTS | B5: Arts / Humanities | C5: STD11_ARTS|STD12_ARTS | D5: Higher secondary Arts / Humanities stream.

Sheet 11_divisions
A1: division_code | B1: division_name | C1: display_order
A2: A | B2: Division A | C2: 1
A3: B | B3: Division B | C3: 2
A4: C | B4: Division C | C4: 3
A5: D | B5: Division D | C5: 4
A6: E | B6: Division E | C6: 5
A7: F | B7: Division F | C7: 6

Sheet 12_subjects
A1: subject_code | B1: subject_name | C1: subject_category | D1: notes
A2: ACC | B2: Accountancy | C2: Commerce | D2: Higher secondary accountancy.
A3: ART | B3: Art Education | C3: Co-curricular | D3: Drawing, craft and visual expression.
A4: BA | B4: Business Studies | C4: Commerce | D4: Business organisation and management.
A5: BIO | B5: Biology | C5: Science | D5: Higher secondary biology.
A6: CHEM | B6: Chemistry | C6: Science | D6: Higher secondary chemistry.
A7: CS | B7: Computer Studies | C7: Skill | D7: Computer awareness and digital literacy.
A8: ECO | B8: Economics | C8: Commerce | D8: Economics.
A9: ENG | B9: English | C9: Language | D9: English language and communication.
A10: EVS | B10: Environmental Studies | C10: Core | D10: Environmental studies and local context learning.
A11: GEO | B11: Geography | C11: Arts | D11: Geography.
A12: GUJ | B12: Gujarati | C12: Language | D12: Gujarati language and literature.
... A23: STAT | B23: Statistics | C23: Commerce | D23: Statistics.

Sheet 13_grade_subject_matrix
A1: board_code | B1: medium_code | C1: grade_code | D1: stream_code | E1: subject_code | F1: subject_name | G1: subject_category | H1: is_compulsory | I1: is_elective | J1: display_order | K1: source_note
A2: GSEB | B2: GUJ | C2: STD01 | D2: GEN | E2: GUJ | F2: Gujarati | G2: Language | H2: 1 | I2: 0 | J2: 1 | K2: Generated Gujarat board school local testing subject matrix. Verify exact school subject combinations before production.
A3: GSEB | B3: GUJ | C3: STD01 | D3: GEN | E3: HIN | F3: Hindi | G3: Language | H3: 1 | I3: 0 | J3: 2 | K3: Generated Gujarat board school local testing subject matrix. Verify exact school subject combinations before production.
A4: GSEB | B4: GUJ | C4: STD01 | D4: GEN | E4: ENG | F4: English | G4: Language | H4: 1 | I4: 0 | J4: 3 | K4: Generated Gujarat board school local testing subject matrix. Verify exact school subject combinations before production.
A5: GSEB | B5: GUJ | C5: STD01 | D5: GEN | E5: MATH | F5: Mathematics | G5: Core | H5: 1 | I5: 0 | J5: 4 | K5: Generated Gujarat board school local testing subject matrix. Verify exact school subject combinations before production.
A6: GSEB | B6: GUJ | C6: STD01 | D6: GEN | E6: EVS | F6: Environmental Studies | G6: Core | H6: 1 | I6: 0 | J6: 5 | K6: Generated Gujarat board school local testing subject matrix. Verify exact school subject combinations before production.
A7: GSEB | B7: GUJ | C7: STD01 | D7: GEN | E7: ART | F7: Art Education | G7: Co-curricular | H7: 1 | I7: 0 | J7: 6 | K7: Generated Gujarat board school local testing subject matrix. Verify exact school subject combinations before production.
A8: GSEB | B8: GUJ | C8: STD01 | D8: GEN | E8: PE | F8: Physical Education | G8: Co-curricular | H8: 1 | I8: 0 | J8: 7 | K8: Generated Gujarat board school local testing subject matrix. Verify exact school subject combinations before production.
A9: GSEB | B9: GUJ | C9: STD02 | D9: GEN | E9: GUJ | F9: Gujarati | G9: Language | H9: 1 | I9: 0 | J9: 1 | K9: Generated Gujarat board school local testing subject matrix. Verify exact school subject combinations before production.
A10: GSEB | B10: GUJ | C10: STD02 | D10: GEN | E10: HIN | F10: Hindi | G10: Language | H10: 1 | I10: 0 | J10: 2 | K10: Generated Gujarat board school local testing subject matrix. Verify exact school subject combinations before production.
A11: GSEB | B11: GUJ | C11: STD02 | D11: GEN | E11: ENG | F11: English | G11: Language | H11: 1 | I11: 0 | J11: 3 | K11: Generated Gujarat board school local testing subject matrix. Verify exact school subject combinations before production.
A12: GSEB | B12: GUJ | C12: STD02 | D12: GEN | E12: MATH | F12: Mathematics | G12: Core | H12: 1 | I12: 0 | J12: 4 | K12: Generated Gujarat board school local testing subject matrix. Verify exact school subject combinations before production.
... A201: GSEB | B201: ENG | C201: STD11 | D201: SCI | E201: PHY | F201: Physics | G201: Science | H201: 1 | I201: 0 | J201: 2 | K201: Generated Gujarat board school local testing subject matrix. Verify exact school subject combinations before production.

Sheet 14_categories
A1: category_code | B1: parent_category_code | C1: category_type | D1: name | E1: idnumber | F1: path | G1: visible | H1: description
A2: DRONA_TRUST | C2: trust | D2: Drona Education Trust | E2: DRONA_TRUST | F2: Drona Education Trust | G2: 1 | H2: Root trust category.
A3: DRONA_TRUST_GSEB | B3: DRONA_TRUST | C3: board | D3: Gujarat Board Education | E3: DRONA_TRUST_GSEB | F3: Drona Education Trust / Gujarat Board Education | G3: 1 | H3: Board category.
A4: DRONA_TRUST_GSEB_DPS | B4: DRONA_TRUST_GSEB | C4: school | D4: Drona Public School | E4: DRONA_TRUST_GSEB_DPS | F4: Drona Education Trust / Gujarat Board Education / Drona Public School | G4: 1 | H4: School category.
A5: COURSE_TEMPLATES | C5: system | D5: Course Templates | E5: COURSE_TEMPLATES | F5: Course Templates | G5: 1 | H5: Hidden reusable course templates.
A6: DRONA_TRUST_GSEB_DPS_2026_2027 | B6: DRONA_TRUST_GSEB_DPS | C6: academic_year | D6: Academic Year 2026-2027 | E6: DRONA_TRUST_GSEB_DPS_2026_2027 | F6: Drona Education Trust / Gujarat Board Education / Drona Public School / Academic Year 2026-2027 | G6: 1 | H6: Academic year 2026-2027.
A7: DRONA_TRUST_GSEB_DPS_2026_2027_GUJ | B7: DRONA_TRUST_GSEB_DPS_2026_2027 | C7: medium | D7: Gujarati Medium | E7: DRONA_TRUST_GSEB_DPS_2026_2027_GUJ | F7: Drona Education Trust / Gujarat Board Education / Drona Public School / Academic Year 2026-2027 / Gujarati Medium | G7: 1 | H7: Gujarati Medium category for 2026-2027.
A8: DRONA_TRUST_GSEB_DPS_2026_2027_GUJ_STD01 | B8: DRONA_TRUST_GSEB_DPS_2026_2027_GUJ | C8: grade | D8: Standard 1 | E8: DRONA_TRUST_GSEB_DPS_2026_2027_GUJ_STD01 | F8: Drona Education Trust / Gujarat Board Education / Drona Public School / Academic Year 2026-2027 / Gujarati Medium / Standard 1 | G8: 1 | H8: Standard 1 category.
A9: DRONA_TRUST_GSEB_DPS_2026_2027_GUJ_STD01_GEN | B9: DRONA_TRUST_GSEB_DPS_2026_2027_GUJ_STD01 | C9: stream | D9: General | E9: DRONA_TRUST_GSEB_DPS_2026_2027_GUJ_STD01_GEN | F9: Drona Education Trust / Gujarat Board Education / Drona Public School / Academic Year 2026-2027 / Gujarati Medium / Standard 1 / GEN | G9: 1 | H9: Stream/category for courses.
A10: DRONA_TRUST_GSEB_DPS_2026_2027_GUJ_STD02 | B10: DRONA_TRUST_GSEB_DPS_2026_2027_GUJ | C10: grade | D10: Standard 2 | E10: DRONA_TRUST_GSEB_DPS_2026_2027_GUJ_STD02 | F10: Drona Education Trust / Gujarat Board Education / Drona Public School / Academic Year 2026-2027 / Gujarati Medium / Standard 2 | G10: 1 | H10: Standard 2 category.
A11: DRONA_TRUST_GSEB_DPS_2026_2027_GUJ_STD02_GEN | B11: DRONA_TRUST_GSEB_DPS_2026_2027_GUJ_STD02 | C11: stream | D11: General | E11: DRONA_TRUST_GSEB_DPS_2026_2027_GUJ_STD02_GEN | F11: Drona Education Trust / Gujarat Board Education / Drona Public School / Academic Year 2026-2027 / Gujarati Medium / Standard 2 / GEN | G11: 1 | H11: Stream/category for courses.
A12: DRONA_TRUST_GSEB_DPS_2026_2027_GUJ_STD03 | B12: DRONA_TRUST_GSEB_DPS_2026_2027_GUJ | C12: grade | D12: Standard 3 | E12: DRONA_TRUST_GSEB_DPS_2026_2027_GUJ_STD03 | F12: Drona Education Trust / Gujarat Board Education / Drona Public School / Academic Year 2026-2027 / Gujarati Medium / Standard 3 | G12: 1 | H12: Standard 3 category.
A13: DRONA_TRUST_GSEB_DPS_2026_2027_GUJ_STD03_GEN | B13: DRONA_TRUST_GSEB_DPS_2026_2027_GUJ_STD03 | C13: stream | D13: General | E13: DRONA_TRUST_GSEB_DPS_2026_2027_GUJ_STD03_GEN | F13: Drona Education Trust / Gujarat Board Education / Drona Public School / Academic Year 2026-2027 / Gujarati Medium / Standard 3 / GEN | G13: 1 | H13: Stream/category for courses.
A14: DRONA_TRUST_GSEB_DPS_2026_2027_GUJ_STD04 | B14: DRONA_TRUST_GSEB_DPS_2026_2027_GUJ | C14: grade | D14: Standard 4 | E14: DRONA_TRUST_GSEB_DPS_2026_2027_GUJ_STD04 | F14: Drona Education Trust / Gujarat Board Education / Drona Public School / Academic Year 2026-2027 / Gujarati Medium / Standard 4 | G14: 1 | H14: Standard 4 category.
A15: DRONA_TRUST_GSEB_DPS_2026_2027_GUJ_STD04_GEN | B15: DRONA_TRUST_GSEB_DPS_2026_2027_GUJ_STD04 | C15: stream | D15: General | E15: DRONA_TRUST_GSEB_DPS_2026_2027_GUJ_STD04_GEN | F15: Drona Education Trust / Gujarat Board Education / Drona Public School / Academic Year 2026-2027 / Gujarati Medium / Standard 4 / GEN | G15: 1 | H15: Stream/category for courses.
A16: DRONA_TRUST_GSEB_DPS_2026_2027_GUJ_STD05 | B16: DRONA_TRUST_GSEB_DPS_2026_2027_GUJ | C16: grade | D16: Standard 5 | E16: DRONA_TRUST_GSEB_DPS_2026_2027_GUJ_STD05 | F16: Drona Education Trust / Gujarat Board Education / Drona Public School / Academic Year 2026-2027 / Gujarati Medium / Standard 5 | G16: 1 | H16: Standard 5 category.
A17: DRONA_TRUST_GSEB_DPS_2026_2027_GUJ_STD05_GEN | B17: DRONA_TRUST_GSEB_DPS_2026_2027_GUJ_STD05 | C17: stream | D17: General | E17: DRONA_TRUST_GSEB_DPS_2026_2027_GUJ_STD05_GEN | F17: Drona Education Trust / Gujarat Board Education / Drona Public School / Academic Year 2026-2027 / Gujarati Medium / Standard 5 / GEN | G17: 1 | H17: Stream/category for courses.
... A93: DRONA_TRUST_GSEB_DPS_2026_2027_HIN_STD12_ARTS | B93: DRONA_TRUST_GSEB_DPS_2026_2027_HIN_STD12 | C93: stream | D93: Arts / Humanities | E93: DRONA_TRUST_GSEB_DPS_2026_2027_HIN_STD12_ARTS | F93: Drona Education Trust / Gujarat Board Education / Drona Public School / Academic Year 2026-2027 / Hindi Medium / Standard 12 / ARTS | G93: 1 | H93: Stream/category for courses.

Sheet 15_optional_year_category_model
A1: category_code | B1: parent_category_code | C1: category_type | D1: name | E1: idnumber | F1: path | G1: visible | H1: description
A2: DRONA_TRUST | C2: trust | D2: Drona Education Trust | E2: DRONA_TRUST | F2: Drona Education Trust | G2: 1 | H2: Root trust category.
A3: DRONA_TRUST_GSEB | B3: DRONA_TRUST | C3: board | D3: Gujarat Board Education | E3: DRONA_TRUST_GSEB | F3: Drona Education Trust / Gujarat Board Education | G3: 1 | H3: Board category.
A4: DRONA_TRUST_GSEB_DPS | B4: DRONA_TRUST_GSEB | C4: school | D4: Drona Public School | E4: DRONA_TRUST_GSEB_DPS | F4: Drona Education Trust / Gujarat Board Education / Drona Public School | G4: 1 | H4: School category.
A5: COURSE_TEMPLATES | C5: system | D5: Course Templates | E5: COURSE_TEMPLATES | F5: Course Templates | G5: 1 | H5: Hidden reusable course templates.
A6: DRONA_TRUST_GSEB_DPS_2026_2027 | B6: DRONA_TRUST_GSEB_DPS | C6: academic_year | D6: Academic Year 2026-2027 | E6: DRONA_TRUST_GSEB_DPS_2026_2027 | F6: Drona Education Trust / Gujarat Board Education / Drona Public School / Academic Year 2026-2027 | G6: 1 | H6: Academic year 2026-2027.
A7: DRONA_TRUST_GSEB_DPS_2026_2027_GUJ | B7: DRONA_TRUST_GSEB_DPS_2026_2027 | C7: medium | D7: Gujarati Medium | E7: DRONA_TRUST_GSEB_DPS_2026_2027_GUJ | F7: Drona Education Trust / Gujarat Board Education / Drona Public School / Academic Year 2026-2027 / Gujarati Medium | G7: 1 | H7: Gujarati Medium category for 2026-2027.
A8: DRONA_TRUST_GSEB_DPS_2026_2027_GUJ_STD01 | B8: DRONA_TRUST_GSEB_DPS_2026_2027_GUJ | C8: grade | D8: Standard 1 | E8: DRONA_TRUST_GSEB_DPS_2026_2027_GUJ_STD01 | F8: Drona Education Trust / Gujarat Board Education / Drona Public School / Academic Year 2026-2027 / Gujarati Medium / Standard 1 | G8: 1 | H8: Standard 1 category.
A9: DRONA_TRUST_GSEB_DPS_2026_2027_GUJ_STD01_GEN | B9: DRONA_TRUST_GSEB_DPS_2026_2027_GUJ_STD01 | C9: stream | D9: General | E9: DRONA_TRUST_GSEB_DPS_2026_2027_GUJ_STD01_GEN | F9: Drona Education Trust / Gujarat Board Education / Drona Public School / Academic Year 2026-2027 / Gujarati Medium / Standard 1 / GEN | G9: 1 | H9: Stream/category for courses.
A10: DRONA_TRUST_GSEB_DPS_2026_2027_GUJ_STD02 | B10: DRONA_TRUST_GSEB_DPS_2026_2027_GUJ | C10: grade | D10: Standard 2 | E10: DRONA_TRUST_GSEB_DPS_2026_2027_GUJ_STD02 | F10: Drona Education Trust / Gujarat Board Education / Drona Public School / Academic Year 2026-2027 / Gujarati Medium / Standard 2 | G10: 1 | H10: Standard 2 category.
A11: DRONA_TRUST_GSEB_DPS_2026_2027_GUJ_STD02_GEN | B11: DRONA_TRUST_GSEB_DPS_2026_2027_GUJ_STD02 | C11: stream | D11: General | E11: DRONA_TRUST_GSEB_DPS_2026_2027_GUJ_STD02_GEN | F11: Drona Education Trust / Gujarat Board Education / Drona Public School / Academic Year 2026-2027 / Gujarati Medium / Standard 2 / GEN | G11: 1 | H11: Stream/category for courses.
A12: DRONA_TRUST_GSEB_DPS_2026_2027_GUJ_STD03 | B12: DRONA_TRUST_GSEB_DPS_2026_2027_GUJ | C12: grade | D12: Standard 3 | E12: DRONA_TRUST_GSEB_DPS_2026_2027_GUJ_STD03 | F12: Drona Education Trust / Gujarat Board Education / Drona Public School / Academic Year 2026-2027 / Gujarati Medium / Standard 3 | G12: 1 | H12: Standard 3 category.
A13: DRONA_TRUST_GSEB_DPS_2026_2027_GUJ_STD03_GEN | B13: DRONA_TRUST_GSEB_DPS_2026_2027_GUJ_STD03 | C13: stream | D13: General | E13: DRONA_TRUST_GSEB_DPS_2026_2027_GUJ_STD03_GEN | F13: Drona Education Trust / Gujarat Board Education / Drona Public School / Academic Year 2026-2027 / Gujarati Medium / Standard 3 / GEN | G13: 1 | H13: Stream/category for courses.
A14: DRONA_TRUST_GSEB_DPS_2026_2027_GUJ_STD04 | B14: DRONA_TRUST_GSEB_DPS_2026_2027_GUJ | C14: grade | D14: Standard 4 | E14: DRONA_TRUST_GSEB_DPS_2026_2027_GUJ_STD04 | F14: Drona Education Trust / Gujarat Board Education / Drona Public School / Academic Year 2026-2027 / Gujarati Medium / Standard 4 | G14: 1 | H14: Standard 4 category.
A15: DRONA_TRUST_GSEB_DPS_2026_2027_GUJ_STD04_GEN | B15: DRONA_TRUST_GSEB_DPS_2026_2027_GUJ_STD04 | C15: stream | D15: General | E15: DRONA_TRUST_GSEB_DPS_2026_2027_GUJ_STD04_GEN | F15: Drona Education Trust / Gujarat Board Education / Drona Public School / Academic Year 2026-2027 / Gujarati Medium / Standard 4 / GEN | G15: 1 | H15: Stream/category for courses.
A16: DRONA_TRUST_GSEB_DPS_2026_2027_GUJ_STD05 | B16: DRONA_TRUST_GSEB_DPS_2026_2027_GUJ | C16: grade | D16: Standard 5 | E16: DRONA_TRUST_GSEB_DPS_2026_2027_GUJ_STD05 | F16: Drona Education Trust / Gujarat Board Education / Drona Public School / Academic Year 2026-2027 / Gujarati Medium / Standard 5 | G16: 1 | H16: Standard 5 category.
A17: DRONA_TRUST_GSEB_DPS_2026_2027_GUJ_STD05_GEN | B17: DRONA_TRUST_GSEB_DPS_2026_2027_GUJ_STD05 | C17: stream | D17: General | E17: DRONA_TRUST_GSEB_DPS_2026_2027_GUJ_STD05_GEN | F17: Drona Education Trust / Gujarat Board Education / Drona Public School / Academic Year 2026-2027 / Gujarati Medium / Standard 5 / GEN | G17: 1 | H17: Stream/category for courses.
... A93: DRONA_TRUST_GSEB_DPS_2026_2027_HIN_STD12_ARTS | B93: DRONA_TRUST_GSEB_DPS_2026_2027_HIN_STD12 | C93: stream | D93: Arts / Humanities | E93: DRONA_TRUST_GSEB_DPS_2026_2027_HIN_STD12_ARTS | F93: Drona Education Trust / Gujarat Board Education / Drona Public School / Academic Year 2026-2027 / Hindi Medium / Standard 12 / ARTS | G93: 1 | H93: Stream/category for courses.

Sheet 16_courses
A1: course_code | B1: fullname | C1: shortname | D1: idnumber | E1: category_code | F1: board_code | G1: school_code | H1: medium_code | I1: grade_code | J1: stream_code | K1: subject_code | L1: subject_name | M1: academic_year | N1: format | O1: numsections | P1: visible | Q1: groupmode | R1: groupmodeforce | S1: summary | T1: templatecourse | U1: enablecompletion | V1: showgrades | W1: showreports | X1: tags | Y1: course_template_code | Z1: term
A2: DPS-GSEB-GUJ-STD01-GEN-GUJ-2026 | B2: Drona Public School - Gujarat Board Education - Gujarati Medium - Standard 1 - GEN - Gujarati - 2026-2027 | C2: DPS-GSEB-GUJ-STD01-GEN-GUJ-26 | D2: DPS-GSEB-GUJ-STD01-GEN-GUJ-2026 | E2: DRONA_TRUST_GSEB_DPS_2026_2027_GUJ_STD01_GEN | F2: GSEB | G2: DPS | H2: GUJ | I2: STD01 | J2: GEN | K2: GUJ | L2: Gujarati | M2: 2026-2027 | N2: topics | O2: 16 | P2: 1 | Q2: 1 | R2: 1 | S2: Gujarati course for Standard 1 GEN Gujarati Medium in 2026-2027. Includes 10 chapter structure, term exams, final exam, completion rules and default certification. | T2: MASTER-ALL-GRADES-ALL-SUBJECTS-STD-TEMPLATE | U2: 1 | V2: 1 | W2: 1 | X2: DPS,GSEB,2026-2027,GUJ,STD01,GEN,GUJ | Y2: TPL_STD01_02_ACTIVITY | Z2: Academic Year 2026-2027
A3: DPS-GSEB-GUJ-STD01-GEN-HIN-2026 | B3: Drona Public School - Gujarat Board Education - Gujarati Medium - Standard 1 - GEN - Hindi - 2026-2027 | C3: DPS-GSEB-GUJ-STD01-GEN-HIN-26 | D3: DPS-GSEB-GUJ-STD01-GEN-HIN-2026 | E3: DRONA_TRUST_GSEB_DPS_2026_2027_GUJ_STD01_GEN | F3: GSEB | G3: DPS | H3: GUJ | I3: STD01 | J3: GEN | K3: HIN | L3: Hindi | M3: 2026-2027 | N3: topics | O3: 16 | P3: 1 | Q3: 1 | R3: 1 | S3: Hindi course for Standard 1 GEN Gujarati Medium in 2026-2027. Includes 10 chapter structure, term exams, final exam, completion rules and default certification. | T3: MASTER-ALL-GRADES-ALL-SUBJECTS-STD-TEMPLATE | U3: 1 | V3: 1 | W3: 1 | X3: DPS,GSEB,2026-2027,GUJ,STD01,GEN,HIN | Y3: TPL_STD01_02_ACTIVITY | Z3: Academic Year 2026-2027
A4: DPS-GSEB-GUJ-STD01-GEN-ENG-2026 | B4: Drona Public School - Gujarat Board Education - Gujarati Medium - Standard 1 - GEN - English - 2026-2027 | C4: DPS-GSEB-GUJ-STD01-GEN-ENG-26 | D4: DPS-GSEB-GUJ-STD01-GEN-ENG-2026 | E4: DRONA_TRUST_GSEB_DPS_2026_2027_GUJ_STD01_GEN | F4: GSEB | G4: DPS | H4: GUJ | I4: STD01 | J4: GEN | K4: ENG | L4: English | M4: 2026-2027 | N4: topics | O4: 16 | P4: 1 | Q4: 1 | R4: 1 | S4: English course for Standard 1 GEN Gujarati Medium in 2026-2027. Includes 10 chapter structure, term exams, final exam, completion rules and default certification. | T4: MASTER-ALL-GRADES-ALL-SUBJECTS-STD-TEMPLATE | U4: 1 | V4: 1 | W4: 1 | X4: DPS,GSEB,2026-2027,GUJ,STD01,GEN,ENG | Y4: TPL_STD01_02_ACTIVITY | Z4: Academic Year 2026-2027
A5: DPS-GSEB-GUJ-STD01-GEN-MATH-2026 | B5: Drona Public School - Gujarat Board Education - Gujarati Medium - Standard 1 - GEN - Mathematics - 2026-2027 | C5: DPS-GSEB-GUJ-STD01-GEN-MATH-26 | D5: DPS-GSEB-GUJ-STD01-GEN-MATH-2026 | E5: DRONA_TRUST_GSEB_DPS_2026_2027_GUJ_STD01_GEN | F5: GSEB | G5: DPS | H5: GUJ | I5: STD01 | J5: GEN | K5: MATH | L5: Mathematics | M5: 2026-2027 | N5: topics | O5: 16 | P5: 1 | Q5: 1 | R5: 1 | S5: Mathematics course for Standard 1 GEN Gujarati Medium in 2026-2027. Includes 10 chapter structure, term exams, final exam, completion rules and default certification. | T5: MASTER-ALL-GRADES-ALL-SUBJECTS-STD-TEMPLATE | U5: 1 | V5: 1 | W5: 1 | X5: DPS,GSEB,2026-2027,GUJ,STD01,GEN,MATH | Y5: TPL_STD01_02_ACTIVITY | Z5: Academic Year 2026-2027
A6: DPS-GSEB-GUJ-STD01-GEN-EVS-2026 | B6: Drona Public School - Gujarat Board Education - Gujarati Medium - Standard 1 - GEN - Environmental Studies - 2026-2027 | C6: DPS-GSEB-GUJ-STD01-GEN-EVS-26 | D6: DPS-GSEB-GUJ-STD01-GEN-EVS-2026 | E6: DRONA_TRUST_GSEB_DPS_2026_2027_GUJ_STD01_GEN | F6: GSEB | G6: DPS | H6: GUJ | I6: STD01 | J6: GEN | K6: EVS | L6: Environmental Studies | M6: 2026-2027 | N6: topics | O6: 16 | P6: 1 | Q6: 1 | R6: 1 | S6: Environmental Studies course for Standard 1 GEN Gujarati Medium in 2026-2027. Includes 10 chapter structure, term exams, final exam, completion rules and default certification. | T6: MASTER-ALL-GRADES-ALL-SUBJECTS-STD-TEMPLATE | U6: 1 | V6: 1 | W6: 1 | X6: DPS,GSEB,2026-2027,GUJ,STD01,GEN,EVS | Y6: TPL_STD01_02_ACTIVITY | Z6: Academic Year 2026-2027
A7: DPS-GSEB-GUJ-STD01-GEN-ART-2026 | B7: Drona Public School - Gujarat Board Education - Gujarati Medium - Standard 1 - GEN - Art Education - 2026-2027 | C7: DPS-GSEB-GUJ-STD01-GEN-ART-26 | D7: DPS-GSEB-GUJ-STD01-GEN-ART-2026 | E7: DRONA_TRUST_GSEB_DPS_2026_2027_GUJ_STD01_GEN | F7: GSEB | G7: DPS | H7: GUJ | I7: STD01 | J7: GEN | K7: ART | L7: Art Education | M7: 2026-2027 | N7: topics | O7: 16 | P7: 1 | Q7: 1 | R7: 1 | S7: Art Education course for Standard 1 GEN Gujarati Medium in 2026-2027. Includes 10 chapter structure, term exams, final exam, completion rules and default certification. | T7: MASTER-ALL-GRADES-ALL-SUBJECTS-STD-TEMPLATE | U7: 1 | V7: 1 | W7: 1 | X7: DPS,GSEB,2026-2027,GUJ,STD01,GEN,ART | Y7: TPL_STD01_02_ACTIVITY | Z7: Academic Year 2026-2027
A8: DPS-GSEB-GUJ-STD01-GEN-PE-2026 | B8: Drona Public School - Gujarat Board Education - Gujarati Medium - Standard 1 - GEN - Physical Education - 2026-2027 | C8: DPS-GSEB-GUJ-STD01-GEN-PE-26 | D8: DPS-GSEB-GUJ-STD01-GEN-PE-2026 | E8: DRONA_TRUST_GSEB_DPS_2026_2027_GUJ_STD01_GEN | F8: GSEB | G8: DPS | H8: GUJ | I8: STD01 | J8: GEN | K8: PE | L8: Physical Education | M8: 2026-2027 | N8: topics | O8: 16 | P8: 1 | Q8: 1 | R8: 1 | S8: Physical Education course for Standard 1 GEN Gujarati Medium in 2026-2027. Includes 10 chapter structure, term exams, final exam, completion rules and default certification. | T8: MASTER-ALL-GRADES-ALL-SUBJECTS-STD-TEMPLATE | U8: 1 | V8: 1 | W8: 1 | X8: DPS,GSEB,2026-2027,GUJ,STD01,GEN,PE | Y8: TPL_STD01_02_ACTIVITY | Z8: Academic Year 2026-2027
A9: DPS-GSEB-GUJ-STD02-GEN-GUJ-2026 | B9: Drona Public School - Gujarat Board Education - Gujarati Medium - Standard 2 - GEN - Gujarati - 2026-2027 | C9: DPS-GSEB-GUJ-STD02-GEN-GUJ-26 | D9: DPS-GSEB-GUJ-STD02-GEN-GUJ-2026 | E9: DRONA_TRUST_GSEB_DPS_2026_2027_GUJ_STD02_GEN | F9: GSEB | G9: DPS | H9: GUJ | I9: STD02 | J9: GEN | K9: GUJ | L9: Gujarati | M9: 2026-2027 | N9: topics | O9: 16 | P9: 1 | Q9: 1 | R9: 1 | S9: Gujarati course for Standard 2 GEN Gujarati Medium in 2026-2027. Includes 10 chapter structure, term exams, final exam, completion rules and default certification. | T9: MASTER-ALL-GRADES-ALL-SUBJECTS-STD-TEMPLATE | U9: 1 | V9: 1 | W9: 1 | X9: DPS,GSEB,2026-2027,GUJ,STD02,GEN,GUJ | Y9: TPL_STD01_02_ACTIVITY | Z9: Academic Year 2026-2027
A10: DPS-GSEB-GUJ-STD02-GEN-HIN-2026 | B10: Drona Public School - Gujarat Board Education - Gujarati Medium - Standard 2 - GEN - Hindi - 2026-2027 | C10: DPS-GSEB-GUJ-STD02-GEN-HIN-26 | D10: DPS-GSEB-GUJ-STD02-GEN-HIN-2026 | E10: DRONA_TRUST_GSEB_DPS_2026_2027_GUJ_STD02_GEN | F10: GSEB | G10: DPS | H10: GUJ | I10: STD02 | J10: GEN | K10: HIN | L10: Hindi | M10: 2026-2027 | N10: topics | O10: 16 | P10: 1 | Q10: 1 | R10: 1 | S10: Hindi course for Standard 2 GEN Gujarati Medium in 2026-2027. Includes 10 chapter structure, term exams, final exam, completion rules and default certification. | T10: MASTER-ALL-GRADES-ALL-SUBJECTS-STD-TEMPLATE | U10: 1 | V10: 1 | W10: 1 | X10: DPS,GSEB,2026-2027,GUJ,STD02,GEN,HIN | Y10: TPL_STD01_02_ACTIVITY | Z10: Academic Year 2026-2027
A11: DPS-GSEB-GUJ-STD02-GEN-ENG-2026 | B11: Drona Public School - Gujarat Board Education - Gujarati Medium - Standard 2 - GEN - English - 2026-2027 | C11: DPS-GSEB-GUJ-STD02-GEN-ENG-26 | D11: DPS-GSEB-GUJ-STD02-GEN-ENG-2026 | E11: DRONA_TRUST_GSEB_DPS_2026_2027_GUJ_STD02_GEN | F11: GSEB | G11: DPS | H11: GUJ | I11: STD02 | J11: GEN | K11: ENG | L11: English | M11: 2026-2027 | N11: topics | O11: 16 | P11: 1 | Q11: 1 | R11: 1 | S11: English course for Standard 2 GEN Gujarati Medium in 2026-2027. Includes 10 chapter structure, term exams, final exam, completion rules and default certification. | T11: MASTER-ALL-GRADES-ALL-SUBJECTS-STD-TEMPLATE | U11: 1 | V11: 1 | W11: 1 | X11: DPS,GSEB,2026-2027,GUJ,STD02,GEN,ENG | Y11: TPL_STD01_02_ACTIVITY | Z11: Academic Year 2026-2027
A12: DPS-GSEB-GUJ-STD02-GEN-MATH-2026 | B12: Drona Public School - Gujarat Board Education - Gujarati Medium - Standard 2 - GEN - Mathematics - 2026-2027 | C12: DPS-GSEB-GUJ-STD02-GEN-MATH-26 | D12: DPS-GSEB-GUJ-STD02-GEN-MATH-2026 | E12: DRONA_TRUST_GSEB_DPS_2026_2027_GUJ_STD02_GEN | F12: GSEB | G12: DPS | H12: GUJ | I12: STD02 | J12: GEN | K12: MATH | L12: Mathematics | M12: 2026-2027 | N12: topics | O12: 16 | P12: 1 | Q12: 1 | R12: 1 | S12: Mathematics course for Standard 2 GEN Gujarati Medium in 2026-2027. Includes 10 chapter structure, term exams, final exam, completion rules and default certification. | T12: MASTER-ALL-GRADES-ALL-SUBJECTS-STD-TEMPLATE | U12: 1 | V12: 1 | W12: 1 | X12: DPS,GSEB,2026-2027,GUJ,STD02,GEN,MATH | Y12: TPL_STD01_02_ACTIVITY | Z12: Academic Year 2026-2027
... A201: DPS-GSEB-ENG-STD11-SCI-PHY-2026 | B201: Drona Public School - Gujarat Board Education - English Medium - Standard 11 - SCI - Physics - 2026-2027 | C201: DPS-GSEB-ENG-STD11-SCI-PHY-26 | D201: DPS-GSEB-ENG-STD11-SCI-PHY-2026 | E201: DRONA_TRUST_GSEB_DPS_2026_2027_ENG_STD11_SCI | F201: GSEB | G201: DPS | H201: ENG | I201: STD11 | J201: SCI | K201: PHY | L201: Physics | M201: 2026-2027 | N201: topics | O201: 16 | P201: 1 | Q201: 1 | R201: 1 | S201: Physics course for Standard 11 SCI English Medium in 2026-2027. Includes 10 chapter structure, term exams, final exam, completion rules and default certification. | T201: MASTER-ALL-GRADES-ALL-SUBJECTS-STD-TEMPLATE | U201: 1 | V201: 1 | W201: 1 | X201: DPS,GSEB,2026-2027,ENG,STD11,SCI,PHY | Y201: TPL_STD11_12_SCIENCE | Z201: Academic Year 2026-2027

Sheet 17_courses_with_templatecourse_
A1: shortname | B1: fullname | C1: idnumber | D1: category_idnumber | E1: category_path | F1: visible | G1: format | H1: numsections | I1: enablecompletion | J1: showgrades | K1: showreports | L1: groupmode | M1: groupmodeforce | N1: templatecourse | O1: summary | P1: tags
A2: DPS-GSEB-GUJ-STD01-GEN-GUJ-26 | B2: Drona Public School - Gujarat Board Education - Gujarati Medium - Standard 1 - GEN - Gujarati - 2026-2027 | C2: DPS-GSEB-GUJ-STD01-GEN-GUJ-2026 | D2: DRONA_TRUST_GSEB_DPS_2026_2027_GUJ_STD01_GEN | E2: Drona Education Trust / Gujarat Board Education / Drona Public School / Academic Year 2026-2027 / Gujarati Medium / Standard 1 / GEN | F2: 1 | G2: topics | H2: 16 | I2: 1 | J2: 1 | K2: 1 | L2: 1 | M2: 1 | N2: MASTER-ALL-GRADES-ALL-SUBJECTS-STD-TEMPLATE | O2: Gujarati course for Standard 1 GEN Gujarati Medium in 2026-2027. Includes 10 chapter structure, term exams, final exam, completion rules and default certification. | P2: DPS,GSEB,2026-2027,GUJ,STD01,GEN,GUJ
A3: DPS-GSEB-GUJ-STD01-GEN-HIN-26 | B3: Drona Public School - Gujarat Board Education - Gujarati Medium - Standard 1 - GEN - Hindi - 2026-2027 | C3: DPS-GSEB-GUJ-STD01-GEN-HIN-2026 | D3: DRONA_TRUST_GSEB_DPS_2026_2027_GUJ_STD01_GEN | E3: Drona Education Trust / Gujarat Board Education / Drona Public School / Academic Year 2026-2027 / Gujarati Medium / Standard 1 / GEN | F3: 1 | G3: topics | H3: 16 | I3: 1 | J3: 1 | K3: 1 | L3: 1 | M3: 1 | N3: MASTER-ALL-GRADES-ALL-SUBJECTS-STD-TEMPLATE | O3: Hindi course for Standard 1 GEN Gujarati Medium in 2026-2027. Includes 10 chapter structure, term exams, final exam, completion rules and default certification. | P3: DPS,GSEB,2026-2027,GUJ,STD01,GEN,HIN
A4: DPS-GSEB-GUJ-STD01-GEN-ENG-26 | B4: Drona Public School - Gujarat Board Education - Gujarati Medium - Standard 1 - GEN - English - 2026-2027 | C4: DPS-GSEB-GUJ-STD01-GEN-ENG-2026 | D4: DRONA_TRUST_GSEB_DPS_2026_2027_GUJ_STD01_GEN | E4: Drona Education Trust / Gujarat Board Education / Drona Public School / Academic Year 2026-2027 / Gujarati Medium / Standard 1 / GEN | F4: 1 | G4: topics | H4: 16 | I4: 1 | J4: 1 | K4: 1 | L4: 1 | M4: 1 | N4: MASTER-ALL-GRADES-ALL-SUBJECTS-STD-TEMPLATE | O4: English course for Standard 1 GEN Gujarati Medium in 2026-2027. Includes 10 chapter structure, term exams, final exam, completion rules and default certification. | P4: DPS,GSEB,2026-2027,GUJ,STD01,GEN,ENG
A5: DPS-GSEB-GUJ-STD01-GEN-MATH-26 | B5: Drona Public School - Gujarat Board Education - Gujarati Medium - Standard 1 - GEN - Mathematics - 2026-2027 | C5: DPS-GSEB-GUJ-STD01-GEN-MATH-2026 | D5: DRONA_TRUST_GSEB_DPS_2026_2027_GUJ_STD01_GEN | E5: Drona Education Trust / Gujarat Board Education / Drona Public School / Academic Year 2026-2027 / Gujarati Medium / Standard 1 / GEN | F5: 1 | G5: topics | H5: 16 | I5: 1 | J5: 1 | K5: 1 | L5: 1 | M5: 1 | N5: MASTER-ALL-GRADES-ALL-SUBJECTS-STD-TEMPLATE | O5: Mathematics course for Standard 1 GEN Gujarati Medium in 2026-2027. Includes 10 chapter structure, term exams, final exam, completion rules and default certification. | P5: DPS,GSEB,2026-2027,GUJ,STD01,GEN,MATH
A6: DPS-GSEB-GUJ-STD01-GEN-EVS-26 | B6: Drona Public School - Gujarat Board Education - Gujarati Medium - Standard 1 - GEN - Environmental Studies - 2026-2027 | C6: DPS-GSEB-GUJ-STD01-GEN-EVS-2026 | D6: DRONA_TRUST_GSEB_DPS_2026_2027_GUJ_STD01_GEN | E6: Drona Education Trust / Gujarat Board Education / Drona Public School / Academic Year 2026-2027 / Gujarati Medium / Standard 1 / GEN | F6: 1 | G6: topics | H6: 16 | I6: 1 | J6: 1 | K6: 1 | L6: 1 | M6: 1 | N6: MASTER-ALL-GRADES-ALL-SUBJECTS-STD-TEMPLATE | O6: Environmental Studies course for Standard 1 GEN Gujarati Medium in 2026-2027. Includes 10 chapter structure, term exams, final exam, completion rules and default certification. | P6: DPS,GSEB,2026-2027,GUJ,STD01,GEN,EVS
A7: DPS-GSEB-GUJ-STD01-GEN-ART-26 | B7: Drona Public School - Gujarat Board Education - Gujarati Medium - Standard 1 - GEN - Art Education - 2026-2027 | C7: DPS-GSEB-GUJ-STD01-GEN-ART-2026 | D7: DRONA_TRUST_GSEB_DPS_2026_2027_GUJ_STD01_GEN | E7: Drona Education Trust / Gujarat Board Education / Drona Public School / Academic Year 2026-2027 / Gujarati Medium / Standard 1 / GEN | F7: 1 | G7: topics | H7: 16 | I7: 1 | J7: 1 | K7: 1 | L7: 1 | M7: 1 | N7: MASTER-ALL-GRADES-ALL-SUBJECTS-STD-TEMPLATE | O7: Art Education course for Standard 1 GEN Gujarati Medium in 2026-2027. Includes 10 chapter structure, term exams, final exam, completion rules and default certification. | P7: DPS,GSEB,2026-2027,GUJ,STD01,GEN,ART
A8: DPS-GSEB-GUJ-STD01-GEN-PE-26 | B8: Drona Public School - Gujarat Board Education - Gujarati Medium - Standard 1 - GEN - Physical Education - 2026-2027 | C8: DPS-GSEB-GUJ-STD01-GEN-PE-2026 | D8: DRONA_TRUST_GSEB_DPS_2026_2027_GUJ_STD01_GEN | E8: Drona Education Trust / Gujarat Board Education / Drona Public School / Academic Year 2026-2027 / Gujarati Medium / Standard 1 / GEN | F8: 1 | G8: topics | H8: 16 | I8: 1 | J8: 1 | K8: 1 | L8: 1 | M8: 1 | N8: MASTER-ALL-GRADES-ALL-SUBJECTS-STD-TEMPLATE | O8: Physical Education course for Standard 1 GEN Gujarati Medium in 2026-2027. Includes 10 chapter structure, term exams, final exam, completion rules and default certification. | P8: DPS,GSEB,2026-2027,GUJ,STD01,GEN,PE
A9: DPS-GSEB-GUJ-STD02-GEN-GUJ-26 | B9: Drona Public School - Gujarat Board Education - Gujarati Medium - Standard 2 - GEN - Gujarati - 2026-2027 | C9: DPS-GSEB-GUJ-STD02-GEN-GUJ-2026 | D9: DRONA_TRUST_GSEB_DPS_2026_2027_GUJ_STD02_GEN | E9: Drona Education Trust / Gujarat Board Education / Drona Public School / Academic Year 2026-2027 / Gujarati Medium / Standard 2 / GEN | F9: 1 | G9: topics | H9: 16 | I9: 1 | J9: 1 | K9: 1 | L9: 1 | M9: 1 | N9: MASTER-ALL-GRADES-ALL-SUBJECTS-STD-TEMPLATE | O9: Gujarati course for Standard 2 GEN Gujarati Medium in 2026-2027. Includes 10 chapter structure, term exams, final exam, completion rules and default certification. | P9: DPS,GSEB,2026-2027,GUJ,STD02,GEN,GUJ
A10: DPS-GSEB-GUJ-STD02-GEN-HIN-26 | B10: Drona Public School - Gujarat Board Education - Gujarati Medium - Standard 2 - GEN - Hindi - 2026-2027 | C10: DPS-GSEB-GUJ-STD02-GEN-HIN-2026 | D10: DRONA_TRUST_GSEB_DPS_2026_2027_GUJ_STD02_GEN | E10: Drona Education Trust / Gujarat Board Education / Drona Public School / Academic Year 2026-2027 / Gujarati Medium / Standard 2 / GEN | F10: 1 | G10: topics | H10: 16 | I10: 1 | J10: 1 | K10: 1 | L10: 1 | M10: 1 | N10: MASTER-ALL-GRADES-ALL-SUBJECTS-STD-TEMPLATE | O10: Hindi course for Standard 2 GEN Gujarati Medium in 2026-2027. Includes 10 chapter structure, term exams, final exam, completion rules and default certification. | P10: DPS,GSEB,2026-2027,GUJ,STD02,GEN,HIN
A11: DPS-GSEB-GUJ-STD02-GEN-ENG-26 | B11: Drona Public School - Gujarat Board Education - Gujarati Medium - Standard 2 - GEN - English - 2026-2027 | C11: DPS-GSEB-GUJ-STD02-GEN-ENG-2026 | D11: DRONA_TRUST_GSEB_DPS_2026_2027_GUJ_STD02_GEN | E11: Drona Education Trust / Gujarat Board Education / Drona Public School / Academic Year 2026-2027 / Gujarati Medium / Standard 2 / GEN | F11: 1 | G11: topics | H11: 16 | I11: 1 | J11: 1 | K11: 1 | L11: 1 | M11: 1 | N11: MASTER-ALL-GRADES-ALL-SUBJECTS-STD-TEMPLATE | O11: English course for Standard 2 GEN Gujarati Medium in 2026-2027. Includes 10 chapter structure, term exams, final exam, completion rules and default certification. | P11: DPS,GSEB,2026-2027,GUJ,STD02,GEN,ENG
A12: DPS-GSEB-GUJ-STD02-GEN-MATH-26 | B12: Drona Public School - Gujarat Board Education - Gujarati Medium - Standard 2 - GEN - Mathematics - 2026-2027 | C12: DPS-GSEB-GUJ-STD02-GEN-MATH-2026 | D12: DRONA_TRUST_GSEB_DPS_2026_2027_GUJ_STD02_GEN | E12: Drona Education Trust / Gujarat Board Education / Drona Public School / Academic Year 2026-2027 / Gujarati Medium / Standard 2 / GEN | F12: 1 | G12: topics | H12: 16 | I12: 1 | J12: 1 | K12: 1 | L12: 1 | M12: 1 | N12: MASTER-ALL-GRADES-ALL-SUBJECTS-STD-TEMPLATE | O12: Mathematics course for Standard 2 GEN Gujarati Medium in 2026-2027. Includes 10 chapter structure, term exams, final exam, completion rules and default certification. | P12: DPS,GSEB,2026-2027,GUJ,STD02,GEN,MATH
... A201: DPS-GSEB-ENG-STD11-SCI-PHY-26 | B201: Drona Public School - Gujarat Board Education - English Medium - Standard 11 - SCI - Physics - 2026-2027 | C201: DPS-GSEB-ENG-STD11-SCI-PHY-2026 | D201: DRONA_TRUST_GSEB_DPS_2026_2027_ENG_STD11_SCI | E201: Drona Education Trust / Gujarat Board Education / Drona Public School / Academic Year 2026-2027 / English Medium / Standard 11 / SCI | F201: 1 | G201: topics | H201: 16 | I201: 1 | J201: 1 | K201: 1 | L201: 1 | M201: 1 | N201: MASTER-ALL-GRADES-ALL-SUBJECTS-STD-TEMPLATE | O201: Physics course for Standard 11 SCI English Medium in 2026-2027. Includes 10 chapter structure, term exams, final exam, completion rules and default certification. | P201: DPS,GSEB,2026-2027,ENG,STD11,SCI,PHY

Sheet 18_cohorts
A1: cohort_code | B1: name | C1: idnumber | D1: context_category_code | E1: board_code | F1: school_code | G1: medium_code | H1: grade_code | I1: stream_code | J1: division_code | K1: academic_year | L1: visible | M1: description
A2: DPS-2026-GSEB-GUJ-STD01-GEN-A | B2: DPS 2026-2027 Gujarati Medium Standard 1 GEN Division A | C2: DPS-2026-GSEB-GUJ-STD01-GEN-A | D2: DRONA_TRUST_GSEB_DPS_2026_2027_GUJ_STD01_GEN | E2: GSEB | F2: DPS | G2: GUJ | H2: STD01 | I2: GEN | J2: A | K2: 2026-2027 | L2: 1 | M2: 2026-2027 cohort for STD01 GEN GUJ Division A.
A3: DPS-2026-GSEB-GUJ-STD01-GEN-B | B3: DPS 2026-2027 Gujarati Medium Standard 1 GEN Division B | C3: DPS-2026-GSEB-GUJ-STD01-GEN-B | D3: DRONA_TRUST_GSEB_DPS_2026_2027_GUJ_STD01_GEN | E3: GSEB | F3: DPS | G3: GUJ | H3: STD01 | I3: GEN | J3: B | K3: 2026-2027 | L3: 1 | M3: 2026-2027 cohort for STD01 GEN GUJ Division B.
A4: DPS-2026-GSEB-GUJ-STD01-GEN-C | B4: DPS 2026-2027 Gujarati Medium Standard 1 GEN Division C | C4: DPS-2026-GSEB-GUJ-STD01-GEN-C | D4: DRONA_TRUST_GSEB_DPS_2026_2027_GUJ_STD01_GEN | E4: GSEB | F4: DPS | G4: GUJ | H4: STD01 | I4: GEN | J4: C | K4: 2026-2027 | L4: 1 | M4: 2026-2027 cohort for STD01 GEN GUJ Division C.
A5: DPS-2026-GSEB-GUJ-STD01-GEN-D | B5: DPS 2026-2027 Gujarati Medium Standard 1 GEN Division D | C5: DPS-2026-GSEB-GUJ-STD01-GEN-D | D5: DRONA_TRUST_GSEB_DPS_2026_2027_GUJ_STD01_GEN | E5: GSEB | F5: DPS | G5: GUJ | H5: STD01 | I5: GEN | J5: D | K5: 2026-2027 | L5: 1 | M5: 2026-2027 cohort for STD01 GEN GUJ Division D.
A6: DPS-2026-GSEB-GUJ-STD01-GEN-E | B6: DPS 2026-2027 Gujarati Medium Standard 1 GEN Division E | C6: DPS-2026-GSEB-GUJ-STD01-GEN-E | D6: DRONA_TRUST_GSEB_DPS_2026_2027_GUJ_STD01_GEN | E6: GSEB | F6: DPS | G6: GUJ | H6: STD01 | I6: GEN | J6: E | K6: 2026-2027 | L6: 1 | M6: 2026-2027 cohort for STD01 GEN GUJ Division E.
A7: DPS-2026-GSEB-GUJ-STD01-GEN-F | B7: DPS 2026-2027 Gujarati Medium Standard 1 GEN Division F | C7: DPS-2026-GSEB-GUJ-STD01-GEN-F | D7: DRONA_TRUST_GSEB_DPS_2026_2027_GUJ_STD01_GEN | E7: GSEB | F7: DPS | G7: GUJ | H7: STD01 | I7: GEN | J7: F | K7: 2026-2027 | L7: 1 | M7: 2026-2027 cohort for STD01 GEN GUJ Division F.
A8: DPS-2026-GSEB-GUJ-STD02-GEN-A | B8: DPS 2026-2027 Gujarati Medium Standard 2 GEN Division A | C8: DPS-2026-GSEB-GUJ-STD02-GEN-A | D8: DRONA_TRUST_GSEB_DPS_2026_2027_GUJ_STD02_GEN | E8: GSEB | F8: DPS | G8: GUJ | H8: STD02 | I8: GEN | J8: A | K8: 2026-2027 | L8: 1 | M8: 2026-2027 cohort for STD02 GEN GUJ Division A.
A9: DPS-2026-GSEB-GUJ-STD02-GEN-B | B9: DPS 2026-2027 Gujarati Medium Standard 2 GEN Division B | C9: DPS-2026-GSEB-GUJ-STD02-GEN-B | D9: DRONA_TRUST_GSEB_DPS_2026_2027_GUJ_STD02_GEN | E9: GSEB | F9: DPS | G9: GUJ | H9: STD02 | I9: GEN | J9: B | K9: 2026-2027 | L9: 1 | M9: 2026-2027 cohort for STD02 GEN GUJ Division B.
A10: DPS-2026-GSEB-GUJ-STD02-GEN-C | B10: DPS 2026-2027 Gujarati Medium Standard 2 GEN Division C | C10: DPS-2026-GSEB-GUJ-STD02-GEN-C | D10: DRONA_TRUST_GSEB_DPS_2026_2027_GUJ_STD02_GEN | E10: GSEB | F10: DPS | G10: GUJ | H10: STD02 | I10: GEN | J10: C | K10: 2026-2027 | L10: 1 | M10: 2026-2027 cohort for STD02 GEN GUJ Division C.
A11: DPS-2026-GSEB-GUJ-STD02-GEN-D | B11: DPS 2026-2027 Gujarati Medium Standard 2 GEN Division D | C11: DPS-2026-GSEB-GUJ-STD02-GEN-D | D11: DRONA_TRUST_GSEB_DPS_2026_2027_GUJ_STD02_GEN | E11: GSEB | F11: DPS | G11: GUJ | H11: STD02 | I11: GEN | J11: D | K11: 2026-2027 | L11: 1 | M11: 2026-2027 cohort for STD02 GEN GUJ Division D.
A12: DPS-2026-GSEB-GUJ-STD02-GEN-E | B12: DPS 2026-2027 Gujarati Medium Standard 2 GEN Division E | C12: DPS-2026-GSEB-GUJ-STD02-GEN-E | D12: DRONA_TRUST_GSEB_DPS_2026_2027_GUJ_STD02_GEN | E12: GSEB | F12: DPS | G12: GUJ | H12: STD02 | I12: GEN | J12: E | K12: 2026-2027 | L12: 1 | M12: 2026-2027 cohort for STD02 GEN GUJ Division E.
... A201: DPS-2026-GSEB-HIN-STD02-GEN-B | B201: DPS 2026-2027 Hindi Medium Standard 2 GEN Division B | C201: DPS-2026-GSEB-HIN-STD02-GEN-B | D201: DRONA_TRUST_GSEB_DPS_2026_2027_HIN_STD02_GEN | E201: GSEB | F201: DPS | G201: HIN | H201: STD02 | I201: GEN | J201: B | K201: 2026-2027 | L201: 1 | M201: 2026-2027 cohort for STD02 GEN HIN Division B.

Sheet 19_groups
A1: course_code | B1: course_shortname | C1: group_name | D1: group_idnumber | E1: board_code | F1: school_code | G1: medium_code | H1: grade_code | I1: stream_code | J1: division_code | K1: description
A2: DPS-GSEB-GUJ-STD01-GEN-GUJ-2026 | B2: DPS-GSEB-GUJ-STD01-GEN-GUJ-26 | C2: Division A | D2: DPS-GSEB-GUJ-STD01-GEN-GUJ-2026-A | E2: GSEB | F2: DPS | G2: GUJ | H2: STD01 | I2: GEN | J2: A | K2: Division A group for DPS-GSEB-GUJ-STD01-GEN-GUJ-26.
A3: DPS-GSEB-GUJ-STD01-GEN-GUJ-2026 | B3: DPS-GSEB-GUJ-STD01-GEN-GUJ-26 | C3: Division B | D3: DPS-GSEB-GUJ-STD01-GEN-GUJ-2026-B | E3: GSEB | F3: DPS | G3: GUJ | H3: STD01 | I3: GEN | J3: B | K3: Division B group for DPS-GSEB-GUJ-STD01-GEN-GUJ-26.
A4: DPS-GSEB-GUJ-STD01-GEN-GUJ-2026 | B4: DPS-GSEB-GUJ-STD01-GEN-GUJ-26 | C4: Division C | D4: DPS-GSEB-GUJ-STD01-GEN-GUJ-2026-C | E4: GSEB | F4: DPS | G4: GUJ | H4: STD01 | I4: GEN | J4: C | K4: Division C group for DPS-GSEB-GUJ-STD01-GEN-GUJ-26.
A5: DPS-GSEB-GUJ-STD01-GEN-GUJ-2026 | B5: DPS-GSEB-GUJ-STD01-GEN-GUJ-26 | C5: Division D | D5: DPS-GSEB-GUJ-STD01-GEN-GUJ-2026-D | E5: GSEB | F5: DPS | G5: GUJ | H5: STD01 | I5: GEN | J5: D | K5: Division D group for DPS-GSEB-GUJ-STD01-GEN-GUJ-26.
A6: DPS-GSEB-GUJ-STD01-GEN-GUJ-2026 | B6: DPS-GSEB-GUJ-STD01-GEN-GUJ-26 | C6: Division E | D6: DPS-GSEB-GUJ-STD01-GEN-GUJ-2026-E | E6: GSEB | F6: DPS | G6: GUJ | H6: STD01 | I6: GEN | J6: E | K6: Division E group for DPS-GSEB-GUJ-STD01-GEN-GUJ-26.
A7: DPS-GSEB-GUJ-STD01-GEN-GUJ-2026 | B7: DPS-GSEB-GUJ-STD01-GEN-GUJ-26 | C7: Division F | D7: DPS-GSEB-GUJ-STD01-GEN-GUJ-2026-F | E7: GSEB | F7: DPS | G7: GUJ | H7: STD01 | I7: GEN | J7: F | K7: Division F group for DPS-GSEB-GUJ-STD01-GEN-GUJ-26.
A8: DPS-GSEB-GUJ-STD01-GEN-HIN-2026 | B8: DPS-GSEB-GUJ-STD01-GEN-HIN-26 | C8: Division A | D8: DPS-GSEB-GUJ-STD01-GEN-HIN-2026-A | E8: GSEB | F8: DPS | G8: GUJ | H8: STD01 | I8: GEN | J8: A | K8: Division A group for DPS-GSEB-GUJ-STD01-GEN-HIN-26.
A9: DPS-GSEB-GUJ-STD01-GEN-HIN-2026 | B9: DPS-GSEB-GUJ-STD01-GEN-HIN-26 | C9: Division B | D9: DPS-GSEB-GUJ-STD01-GEN-HIN-2026-B | E9: GSEB | F9: DPS | G9: GUJ | H9: STD01 | I9: GEN | J9: B | K9: Division B group for DPS-GSEB-GUJ-STD01-GEN-HIN-26.
A10: DPS-GSEB-GUJ-STD01-GEN-HIN-2026 | B10: DPS-GSEB-GUJ-STD01-GEN-HIN-26 | C10: Division C | D10: DPS-GSEB-GUJ-STD01-GEN-HIN-2026-C | E10: GSEB | F10: DPS | G10: GUJ | H10: STD01 | I10: GEN | J10: C | K10: Division C group for DPS-GSEB-GUJ-STD01-GEN-HIN-26.
A11: DPS-GSEB-GUJ-STD01-GEN-HIN-2026 | B11: DPS-GSEB-GUJ-STD01-GEN-HIN-26 | C11: Division D | D11: DPS-GSEB-GUJ-STD01-GEN-HIN-2026-D | E11: GSEB | F11: DPS | G11: GUJ | H11: STD01 | I11: GEN | J11: D | K11: Division D group for DPS-GSEB-GUJ-STD01-GEN-HIN-26.
A12: DPS-GSEB-GUJ-STD01-GEN-HIN-2026 | B12: DPS-GSEB-GUJ-STD01-GEN-HIN-26 | C12: Division E | D12: DPS-GSEB-GUJ-STD01-GEN-HIN-2026-E | E12: GSEB | F12: DPS | G12: GUJ | H12: STD01 | I12: GEN | J12: E | K12: Division E group for DPS-GSEB-GUJ-STD01-GEN-HIN-26.
... A301: DPS-GSEB-GUJ-STD07-GEN-SS-2026 | B301: DPS-GSEB-GUJ-STD07-GEN-SS-26 | C301: Division F | D301: DPS-GSEB-GUJ-STD07-GEN-SS-2026-F | E301: GSEB | F301: DPS | G301: GUJ | H301: STD07 | I301: GEN | J301: F | K301: Division F group for DPS-GSEB-GUJ-STD07-GEN-SS-26.

Sheet 20_user_profile_fields
A1: shortname | B1: name | C1: category | D1: datatype | E1: required | F1: locked | G1: visible | H1: forceunique | I1: signup | J1: defaultdata | K1: options | L1: sensitive | M1: recommended_visibility | N1: notes
A2: admission_no | B2: Admission Number | C2: Student Academic | D2: text | E2: 0 | F2: 1 | G2: 0 | H2: 1 | I2: 0 | L2: 0 | M2: user_and_admin
A3: roll_no | B3: Roll Number | C3: Student Academic | D3: text | E3: 0 | F3: 1 | G3: 0 | H3: 0 | I3: 0 | L3: 0 | M3: user_and_admin
A4: student_gr_no | B4: General Register Number | C4: Student Academic | D4: text | E4: 0 | F4: 1 | G4: 0 | H4: 1 | I4: 0 | L4: 0 | M4: user_and_admin
A5: birth_date | B5: Date of Birth | C5: Student Personal | D5: datetime | E5: 0 | F5: 1 | G5: 0 | H5: 0 | I5: 0 | L5: 1 | M5: admin_only
A6: gender | B6: Gender | C6: Student Personal | D6: menu | E6: 0 | F6: 1 | G6: 0 | H6: 0 | I6: 0 | K6: Male|Female|Other|Prefer not to say | L6: 1 | M6: admin_only
A7: blood_group | B7: Blood Group | C7: Student Health | D7: menu | E7: 0 | F7: 1 | G7: 0 | H7: 0 | I7: 0 | K7: A+|A-|B+|B-|AB+|AB-|O+|O-|Unknown | L7: 1 | M7: admin_only
A8: religion | B8: Religion | C8: Student Personal | D8: text | E8: 0 | F8: 1 | G8: 0 | H8: 0 | I8: 0 | L8: 1 | M8: admin_only
A9: category | B9: Social Category | C9: Student Personal | D9: menu | E9: 0 | F9: 1 | G9: 0 | H9: 0 | I9: 0 | K9: General|SC|ST|OBC|SEBC|EWS|Other|Not provided | L9: 1 | M9: admin_only
A10: caste | B10: Caste / Community | C10: Student Personal | D10: text | E10: 0 | F10: 1 | G10: 0 | H10: 0 | I10: 0 | L10: 1 | M10: admin_only
A11: nationality | B11: Nationality | C11: Student Personal | D11: text | E11: 0 | F11: 1 | G11: 0 | H11: 0 | I11: 0 | J11: Indian | L11: 0 | M11: user_and_admin
A12: mother_tongue | B12: Mother Tongue | C12: Student Personal | D12: text | E12: 0 | F12: 1 | G12: 0 | H12: 0 | I12: 0 | L12: 0 | M12: user_and_admin
A13: admission_date | B13: Admission Date | C13: Student Academic | D13: datetime | E13: 0 | F13: 1 | G13: 0 | H13: 0 | I13: 0 | L13: 0 | M13: user_and_admin
A14: apaar_id | B14: APAAR ID | C14: Government IDs | D14: text | E14: 0 | F14: 1 | G14: 0 | H14: 0 | I14: 0 | L14: 1 | M14: admin_only | N14: Store only when available and with required consent/process.
A15: udise_student_code | B15: UDISE Student Code | C15: Government IDs | D15: text | E15: 0 | F15: 1 | G15: 0 | H15: 0 | I15: 0 | L15: 1 | M15: admin_only
A16: saral_id | B16: SARAL / State Student ID | C16: Government IDs | D16: text | E16: 0 | F16: 1 | G16: 0 | H16: 0 | I16: 0 | L16: 1 | M16: admin_only
A17: aadhaar_last4 | B17: Aadhaar Last 4 Digits | C17: Government IDs | D17: text | E17: 0 | F17: 1 | G17: 0 | H17: 0 | I17: 0 | L17: 1 | M17: admin_only | N17: Do not store full Aadhaar number in Moodle baseline.
A18: aadhaar_masked | B18: Masked Aadhaar | C18: Government IDs | D18: text | E18: 0 | F18: 1 | G18: 0 | H18: 0 | I18: 0 | L18: 1 | M18: admin_only | N18: Example xxxx-xxxx-1234 only; no full number.
A19: aadhaar_consent | B19: Aadhaar Consent Status | C19: Government IDs | D19: menu | E19: 0 | F19: 1 | G19: 0 | H19: 0 | I19: 0 | K19: Not requested|Provided|Refused|Not available|Not applicable | L19: 1 | M19: admin_only
A20: aadhaar_vault_ref | B20: External Aadhaar Vault Reference | C20: Government IDs | D20: text | E20: 0 | F20: 1 | G20: 0 | H20: 0 | I20: 0 | L20: 1 | M20: admin_only | N20: Use only if a legally compliant external secure store is used.
A21: house | B21: School House | C21: Student Academic | D21: menu | E21: 0 | F21: 1 | G21: 0 | H21: 0 | I21: 0 | K21: Red|Blue|Green|Yellow|Not assigned | L21: 0 | M21: user_and_admin
A22: transport_required | B22: Transport Required | C22: Transport | D22: checkbox | E22: 0 | F22: 1 | G22: 0 | H22: 0 | I22: 0 | L22: 0 | M22: user_and_admin
A23: bus_route | B23: Bus Route | C23: Transport | D23: text | E23: 0 | F23: 1 | G23: 0 | H23: 0 | I23: 0 | L23: 0 | M23: user_and_admin
A24: pickup_point | B24: Pickup Point | C24: Transport | D24: text | E24: 0 | F24: 1 | G24: 0 | H24: 0 | I24: 0 | L24: 0 | M24: user_and_admin
A25: rte_category | B25: RTE Category | C25: Student Personal | D25: checkbox | E25: 0 | F25: 1 | G25: 0 | H25: 0 | I25: 0 | L25: 1 | M25: admin_only
A26: bpl | B26: BPL / Economically Weaker Section | C26: Student Personal | D26: checkbox | E26: 0 | F26: 1 | G26: 0 | H26: 0 | I26: 0 | L26: 1 | M26: admin_only
A27: disability_status | B27: Disability Status | C27: Student Health | D27: menu | E27: 0 | F27: 1 | G27: 0 | H27: 0 | I27: 0 | K27: None|Visual|Hearing|Locomotor|Learning|Multiple|Other|Not provided | L27: 1 | M27: admin_only
A28: medical_conditions | B28: Medical Conditions | C28: Student Health | D28: text | E28: 0 | F28: 1 | G28: 0 | H28: 0 | I28: 0 | L28: 1 | M28: admin_only
A29: allergies | B29: Allergies | C29: Student Health | D29: text | E29: 0 | F29: 1 | G29: 0 | H29: 0 | I29: 0 | L29: 1 | M29: admin_only
A30: doctor_name | B30: Family Doctor Name | C30: Student Health | D30: text | E30: 0 | F30: 1 | G30: 0 | H30: 0 | I30: 0 | L30: 1 | M30: admin_only
A31: doctor_phone | B31: Family Doctor Phone | C31: Student Health | D31: text | E31: 0 | F31: 1 | G31: 0 | H31: 0 | I31: 0 | L31: 1 | M31: admin_only
A32: sibling_admission_no | B32: Sibling Admission Number | C32: Student Family | D32: text | E32: 0 | F32: 1 | G32: 0 | H32: 0 | I32: 0 | L32: 0 | M32: user_and_admin
A33: current_address_line1 | B33: Current Address Line 1 | C33: Address | D33: text | E33: 0 | F33: 1 | G33: 0 | H33: 0 | I33: 0 | L33: 1 | M33: admin_only
A34: current_address_line2 | B34: Current Address Line 2 | C34: Address | D34: text | E34: 0 | F34: 1 | G34: 0 | H34: 0 | I34: 0 | L34: 1 | M34: admin_only
A35: current_city | B35: Current City | C35: Address | D35: text | E35: 0 | F35: 1 | G35: 0 | H35: 0 | I35: 0 | L35: 0 | M35: user_and_admin
A36: current_taluka | B36: Current Taluka | C36: Address | D36: text | E36: 0 | F36: 1 | G36: 0 | H36: 0 | I36: 0 | L36: 0 | M36: user_and_admin
A37: current_district | B37: Current District | C37: Address | D37: text | E37: 0 | F37: 1 | G37: 0 | H37: 0 | I37: 0 | L37: 0 | M37: user_and_admin
A38: current_state | B38: Current State | C38: Address | D38: text | E38: 0 | F38: 1 | G38: 0 | H38: 0 | I38: 0 | L38: 0 | M38: user_and_admin
A39: current_pincode | B39: Current PIN Code | C39: Address | D39: text | E39: 0 | F39: 1 | G39: 0 | H39: 0 | I39: 0 | L39: 0 | M39: user_and_admin
... A71: staff_qualification | B71: Staff Qualification | C71: Staff Details | D71: text | E71: 0 | F71: 1 | G71: 0 | H71: 0 | I71: 0 | L71: 0 | M71: user_and_admin
A72: staff_type | B72: Staff Type | C72: Staff Details | D72: menu | E72: 0 | F72: 1 | G72: 0 | H72: 0 | I72: 0 | K72: Trustee|Principal|Teacher|Admin|Other | L72: 0 | M72: user_and_admin
A73: parent_type | B73: Parent Type | C73: Parent Account | D73: menu | E73: 0 | F73: 1 | G73: 0 | H73: 0 | I73: 0 | K73: Father|Mother|Guardian|Other | L73: 0 | M73: user_and_admin
A74: parent_occupation | B74: Parent Occupation | C74: Parent Account | D74: text | E74: 0 | F74: 1 | G74: 0 | H74: 0 | I74: 0 | L74: 1 | M74: admin_only
A75: parent_qualification | B75: Parent Qualification | C75: Parent Account | D75: text | E75: 0 | F75: 1 | G75: 0 | H75: 0 | I75: 0 | L75: 1 | M75: admin_only
A76: parent_annual_income | B76: Parent Annual Income Range | C76: Parent Account | D76: menu | E76: 0 | F76: 1 | G76: 0 | H76: 0 | I76: 0 | K76: Not provided|Below 1 lakh|1-3 lakh|3-5 lakh|5-10 lakh|Above 10 lakh | L76: 1 | M76: admin_only
A77: preferred_language | B77: Preferred Communication Language | C77: Communication | D77: menu | E77: 0 | F77: 1 | G77: 0 | H77: 0 | I77: 0 | K77: Gujarati|English|Hindi|Marathi|Urdu|Other | L77: 0 | M77: user_and_admin
A78: consent_student_data | B78: Consent for Student Data Access | C78: Consent | D78: checkbox | E78: 0 | F78: 1 | G78: 0 | H78: 0 | I78: 0 | L78: 1 | M78: admin_only
A79: current_academic_year | B79: Current Academic Year | C79: Student Academic Year | D79: text | E79: 0 | F79: 1 | G79: 0 | H79: 0 | I79: 0 | J79: 2026-2027 | L79: 0 | M79: admin_only | N79: Current academic year used for promotion/rollover reporting.
A80: current_board_code | B80: Current Board Code | C80: Student Academic Year | D80: text | E80: 0 | F80: 1 | G80: 0 | H80: 0 | I80: 0 | L80: 0 | M80: admin_only | N80: Current board code, for example GSEB or CBSE.
A81: current_school_code | B81: Current School Code | C81: Student Academic Year | D81: text | E81: 0 | F81: 1 | G81: 0 | H81: 0 | I81: 0 | J81: GVS | L81: 0 | M81: admin_only | N81: Current school code.
A82: current_medium_code | B82: Current Medium Code | C82: Student Academic Year | D82: text | E82: 0 | F82: 1 | G82: 0 | H82: 0 | I82: 0 | L82: 0 | M82: admin_only | N82: Current medium code, for example GUJ or ENG.
A83: current_grade_code | B83: Current Grade Code | C83: Student Academic Year | D83: text | E83: 0 | F83: 1 | G83: 0 | H83: 0 | I83: 0 | L83: 0 | M83: admin_only | N83: Current grade/standard code such as STD01 or STD11.
A84: current_stream_code | B84: Current Stream Code | C84: Student Academic Year | D84: text | E84: 0 | F84: 1 | G84: 0 | H84: 0 | I84: 0 | J84: GEN | L84: 0 | M84: admin_only | N84: Current stream code such as GEN, SCI, COM, ARTS, VOC.
A85: current_division_code | B85: Current Division Code | C85: Student Academic Year | D85: text | E85: 0 | F85: 1 | G85: 0 | H85: 0 | I85: 0 | L85: 0 | M85: admin_only | N85: Current school division such as A or B.
A86: student_status | B86: Student Status | C86: Student Academic Year | D86: menu | E86: 0 | F86: 1 | G86: 0 | H86: 0 | I86: 0 | J86: Active | K86: Active|Promoted|Retained|Transferred|Alumni|Left|Suspended | L86: 0 | M86: admin_only | N86: Current lifecycle status for academic-year rollover.
A87: previous_academic_year | B87: Previous Academic Year | C87: Student Academic Year | D87: text | E87: 0 | F87: 1 | G87: 0 | H87: 0 | I87: 0 | L87: 0 | M87: admin_only | N87: Previous academic year before latest promotion.
A88: previous_grade_code | B88: Previous Grade Code | C88: Student Academic Year | D88: text | E88: 0 | F88: 1 | G88: 0 | H88: 0 | I88: 0 | L88: 0 | M88: admin_only | N88: Previous grade code before latest promotion.
A89: previous_stream_code | B89: Previous Stream Code | C89: Student Academic Year | D89: text | E89: 0 | F89: 1 | G89: 0 | H89: 0 | I89: 0 | L89: 0 | M89: admin_only | N89: Previous stream code before latest promotion.
A90: previous_division_code | B90: Previous Division Code | C90: Student Academic Year | D90: text | E90: 0 | F90: 1 | G90: 0 | H90: 0 | I90: 0 | L90: 0 | M90: admin_only | N90: Previous division code before latest promotion.
A91: last_promotion_date | B91: Last Promotion Date | C91: Student Academic Year | D91: datetime | E91: 0 | F91: 1 | G91: 0 | H91: 0 | I91: 0 | L91: 0 | M91: admin_only | N91: Date on which student was last promoted or status changed.
A92: last_promotion_result | B92: Last Promotion Result | C92: Student Academic Year | D92: text | E92: 0 | F92: 1 | G92: 0 | H92: 0 | I92: 0 | L92: 0 | M92: admin_only | N92: Latest promotion action result, for example promoted, retained, alumni.

Sheet 21_custom_roles
A1: role_shortname | B1: role_name | C1: based_on_role | D1: context_levels | E1: capabilities_allow | F1: description
A2: trustee_manager | B2: Trustee Manager | C2: manager | D2: system|category | F2: Trust-level manager for categories, courses and reports. Do not make this user Site Administrator unless they manage Moodle technology.
A3: principal | B3: Principal | C3: manager | D3: category | F3: School-category manager for principal-level oversight.
A4: parent | B4: Parent / Guardian | D4: user | E4: moodle/user:viewdetails|moodle/user:viewuseractivitiesreport|moodle/grade:viewall | F4: Parent role assigned in the student user context, not as a course enrolment.

Sheet 22_role_guidelines
A1: school_role | B1: moodle_role_shortname | C1: recommended_context | D1: assign_to | E1: can_do | F1: avoid
A2: Trustee Manager | B2: trustee_manager | C2: Trust category or System only if needed | D2: trustee.manager | E2: View/manage trust categories, school categories, courses and high-level reports. | F2: Avoid full Site Administrator access for non-technical management users.
A3: Principal | B3: principal | C3: School category | D3: principal.gvs | E3: Manage school courses, teachers, reports, cohorts and school-level users as allowed. | F3: Do not assign at system level unless the principal manages all schools.
A4: Teacher | B4: editingteacher | C4: Subject course | D4: teacher.math / teacher.phy / teacher.eng | E4: Manage course content, activities, grading and reports for enrolled course. | F4: Do not assign Teacher at system level.
A5: Student | B5: student | C5: Subject course via cohort sync | D5: student users through cohorts | E5: Access enrolled courses, submit assignments, attempt quizzes, view own grades. | F5: Do not use roles to represent class/division.
A6: Parent | B6: parent | C6: Student user context | D6: parent user linked to student | E6: View only linked child details/reports according to permissions. | F6: Do not enrol parents as students in child courses.

Sheet 23_users_staff
A1: username | B1: password | C1: firstname | D1: lastname | E1: email | F1: auth | G1: city | H1: country | I1: timezone | J1: lang | K1: institution | L1: department | M1: idnumber | N1: phone1 | O1: phone2 | P1: address | Q1: profile_field_employee_code | R1: profile_field_staff_designation | S1: profile_field_staff_department | T1: profile_field_staff_joining_date | U1: profile_field_staff_qualification | V1: profile_field_staff_type | W1: profile_field_aadhaar_last4 | X1: profile_field_aadhaar_masked | Y1: profile_field_aadhaar_consent
A2: principal.sharma | B2: DronaPrincipal2026! | C2: Anita | D2: Sharma | E2: principal.sharma@dronapublicschool.example | F2: manual | G2: Ahmedabad | H2: IN | I2: Asia/Kolkata | J2: en | K2: Drona Public School | L2: Administration | M2: DPS-PRN-001 | N2: +91-9000000000 | P2: Drona Public School Campus, Ahmedabad, Gujarat | Q2: DPS-PRN-001 | R2: Principal | S2: Administration | T2: 2026-04-01 | U2: M.Ed | V2: Teaching + Administration | Y2: 0
A3: trustee.patel | B3: DronaTrustee2026! | C3: Rajesh | D3: Patel | E3: trustee.patel@dronapublicschool.example | F3: manual | G3: Ahmedabad | H3: IN | I3: Asia/Kolkata | J3: en | K3: Drona Public School | L3: Trust Management | M3: DPS-TRU-001 | N3: +91-9000000000 | P3: Drona Public School Campus, Ahmedabad, Gujarat | Q3: DPS-TRU-001 | R3: Trustee Manager | S3: Trust Management | T3: 2026-04-01 | U3: M.Com | V3: Management | Y3: 0
A4: it.coordinator | B4: DronaIT2026! | C4: Vivek | D4: Mehta | E4: it.coordinator@dronapublicschool.example | F4: manual | G4: Ahmedabad | H4: IN | I4: Asia/Kolkata | J4: en | K4: Drona Public School | L4: Information Technology | M4: DPS-IT-001 | N4: +91-9000000000 | P4: Drona Public School Campus, Ahmedabad, Gujarat | Q4: DPS-IT-001 | R4: IT Coordinator | S4: Information Technology | T4: 2026-04-01 | U4: B.Tech | V4: Non Teaching | Y4: 0
A5: dps.tch.guj.acc | B5: DronaTeacher2026! | C5: Kiran | D5: Patel | E5: dps.tch.guj.acc@dronapublicschool.example | F5: manual | G5: Ahmedabad | H5: IN | I5: Asia/Kolkata | J5: en | K5: Drona Public School | L5: Academics | M5: DPS-TCH-001 | N5: +91-9000000000 | P5: Drona Public School Campus, Ahmedabad, Gujarat | Q5: DPS-TCH-001 | R5: Accountancy Teacher | S5: Academics | T5: 2026-04-01 | U5: B.Ed / Relevant Subject Qualification | V5: Teaching | Y5: 0
A6: dps.tch.guj.art | B6: DronaTeacher2026! | C6: Sanjay | D6: Shah | E6: dps.tch.guj.art@dronapublicschool.example | F6: manual | G6: Ahmedabad | H6: IN | I6: Asia/Kolkata | J6: en | K6: Drona Public School | L6: Academics | M6: DPS-TCH-002 | N6: +91-9000000000 | P6: Drona Public School Campus, Ahmedabad, Gujarat | Q6: DPS-TCH-002 | R6: Art Education Teacher | S6: Academics | T6: 2026-04-01 | U6: B.Ed / Relevant Subject Qualification | V6: Teaching | Y6: 0
A7: dps.tch.guj.ba | B7: DronaTeacher2026! | C7: Priyanka | D7: Desai | E7: dps.tch.guj.ba@dronapublicschool.example | F7: manual | G7: Ahmedabad | H7: IN | I7: Asia/Kolkata | J7: en | K7: Drona Public School | L7: Academics | M7: DPS-TCH-003 | N7: +91-9000000000 | P7: Drona Public School Campus, Ahmedabad, Gujarat | Q7: DPS-TCH-003 | R7: Business Studies Teacher | S7: Academics | T7: 2026-04-01 | U7: B.Ed / Relevant Subject Qualification | V7: Teaching | Y7: 0
A8: dps.tch.guj.bio | B8: DronaTeacher2026! | C8: Mehul | D8: Mehta | E8: dps.tch.guj.bio@dronapublicschool.example | F8: manual | G8: Ahmedabad | H8: IN | I8: Asia/Kolkata | J8: en | K8: Drona Public School | L8: Academics | M8: DPS-TCH-004 | N8: +91-9000000000 | P8: Drona Public School Campus, Ahmedabad, Gujarat | Q8: DPS-TCH-004 | R8: Biology Teacher | S8: Academics | T8: 2026-04-01 | U8: B.Ed / Relevant Subject Qualification | V8: Teaching | Y8: 0
A9: dps.tch.guj.chem | B9: DronaTeacher2026! | C9: Farida | D9: Joshi | E9: dps.tch.guj.chem@dronapublicschool.example | F9: manual | G9: Ahmedabad | H9: IN | I9: Asia/Kolkata | J9: en | K9: Drona Public School | L9: Academics | M9: DPS-TCH-005 | N9: +91-9000000000 | P9: Drona Public School Campus, Ahmedabad, Gujarat | Q9: DPS-TCH-005 | R9: Chemistry Teacher | S9: Academics | T9: 2026-04-01 | U9: B.Ed / Relevant Subject Qualification | V9: Teaching | Y9: 0
A10: dps.tch.guj.cs | B10: DronaTeacher2026! | C10: Bhavesh | D10: Trivedi | E10: dps.tch.guj.cs@dronapublicschool.example | F10: manual | G10: Ahmedabad | H10: IN | I10: Asia/Kolkata | J10: en | K10: Drona Public School | L10: Academics | M10: DPS-TCH-006 | N10: +91-9000000000 | P10: Drona Public School Campus, Ahmedabad, Gujarat | Q10: DPS-TCH-006 | R10: Computer Studies Teacher | S10: Academics | T10: 2026-04-01 | U10: B.Ed / Relevant Subject Qualification | V10: Teaching | Y10: 0
A11: dps.tch.guj.eco | B11: DronaTeacher2026! | C11: Rupal | D11: Parmar | E11: dps.tch.guj.eco@dronapublicschool.example | F11: manual | G11: Ahmedabad | H11: IN | I11: Asia/Kolkata | J11: en | K11: Drona Public School | L11: Academics | M11: DPS-TCH-007 | N11: +91-9000000000 | P11: Drona Public School Campus, Ahmedabad, Gujarat | Q11: DPS-TCH-007 | R11: Economics Teacher | S11: Academics | T11: 2026-04-01 | U11: B.Ed / Relevant Subject Qualification | V11: Teaching | Y11: 0
A12: dps.tch.guj.eng | B12: DronaTeacher2026! | C12: Nilesh | D12: Solanki | E12: dps.tch.guj.eng@dronapublicschool.example | F12: manual | G12: Ahmedabad | H12: IN | I12: Asia/Kolkata | J12: en | K12: Drona Public School | L12: Academics | M12: DPS-TCH-008 | N12: +91-9000000000 | P12: Drona Public School Campus, Ahmedabad, Gujarat | Q12: DPS-TCH-008 | R12: English Teacher | S12: Academics | T12: 2026-04-01 | U12: B.Ed / Relevant Subject Qualification | V12: Teaching | Y12: 0
A13: dps.tch.guj.evs | B13: DronaTeacher2026! | C13: Neha | D13: Thakkar | E13: dps.tch.guj.evs@dronapublicschool.example | F13: manual | G13: Ahmedabad | H13: IN | I13: Asia/Kolkata | J13: en | K13: Drona Public School | L13: Academics | M13: DPS-TCH-009 | N13: +91-9000000000 | P13: Drona Public School Campus, Ahmedabad, Gujarat | Q13: DPS-TCH-009 | R13: Environmental Studies Teacher | S13: Academics | T13: 2026-04-01 | U13: B.Ed / Relevant Subject Qualification | V13: Teaching | Y13: 0
... A70: dps.tch.hin.stat | B70: DronaTeacher2026! | C70: Bhavesh | D70: Trivedi | E70: dps.tch.hin.stat@dronapublicschool.example | F70: manual | G70: Ahmedabad | H70: IN | I70: Asia/Kolkata | J70: en | K70: Drona Public School | L70: Academics | M70: DPS-TCH-066 | N70: +91-9000000000 | P70: Drona Public School Campus, Ahmedabad, Gujarat | Q70: DPS-TCH-066 | R70: Statistics Teacher | S70: Academics | T70: 2026-04-01 | U70: B.Ed / Relevant Subject Qualification | V70: Teaching | Y70: 0

Sheet 24_users_students
A1: username | B1: password | C1: firstname | D1: lastname | E1: email | F1: auth | G1: city | H1: country | I1: timezone | J1: lang | K1: institution | L1: department | M1: idnumber | N1: phone1 | O1: phone2 | P1: address | Q1: cohort1 | R1: board_code | S1: school_code | T1: medium_code | U1: grade_code | V1: stream_code | W1: division_code | X1: profile_field_admission_no | Y1: profile_field_roll_no | Z1: profile_field_student_gr_no | AA1: profile_field_birth_date | AB1: profile_field_gender | AC1: profile_field_blood_group | AD1: profile_field_religion | AE1: profile_field_category | AF1: profile_field_caste | AG1: profile_field_nationality | AH1: profile_field_mother_tongue | AI1: profile_field_admission_date | AJ1: profile_field_apaar_id | AK1: profile_field_udise_student_code | AL1: profile_field_saral_id | AM1: profile_field_aadhaar_last4 | AN1: profile_field_aadhaar_masked | AO1: profile_field_aadhaar_consent | AP1: profile_field_aadhaar_vault_ref | AQ1: profile_field_house | AR1: profile_field_transport_required | AS1: profile_field_bus_route | AT1: profile_field_pickup_point | AU1: profile_field_rte_category | AV1: profile_field_bpl | AW1: profile_field_disability_status | AX1: profile_field_medical_conditions | AY1: profile_field_allergies | AZ1: profile_field_doctor_name | BA1: profile_field_doctor_phone | BB1: profile_field_sibling_admission_no | BC1: profile_field_current_address_line1 | BD1: profile_field_current_address_line2 | BE1: profile_field_current_city | BF1: profile_field_current_taluka | BG1: profile_field_current_district | BH1: profile_field_current_state | BI1: profile_field_current_pincode | BJ1: profile_field_permanent_address_line1 | BK1: profile_field_permanent_address_line2 | BL1: profile_field_permanent_city | BM1: profile_field_permanent_taluka | BN1: profile_field_permanent_district | BO1: profile_field_permanent_state | BP1: profile_field_permanent_pincode | BQ1: profile_field_permanent_address_same | BR1: profile_field_father_name | BS1: profile_field_father_mobile | BT1: profile_field_father_email | BU1: profile_field_father_occupation | BV1: profile_field_father_qualification | BW1: profile_field_mother_name | BX1: profile_field_mother_mobile | BY1: profile_field_mother_email | BZ1: profile_field_mother_occupation | CA1: profile_field_mother_qualification | CB1: profile_field_guardian_name | CC1: profile_field_guardian_mobile | CD1: profile_field_guardian_email | CE1: profile_field_guardian_occupation | CF1: profile_field_guardian_qualification | CG1: profile_field_emergency_contact_name | CH1: profile_field_emergency_contact_relation | CI1: profile_field_emergency_contact_mobile | CJ1: profile_field_emergency_contact_alt_mobile | CK1: profile_field_current_academic_year | CL1: profile_field_current_board_code | CM1: profile_field_current_school_code | CN1: profile_field_current_medium_code | CO1: profile_field_current_grade_code | CP1: profile_field_current_stream_code | CQ1: profile_field_current_division_code | CR1: profile_field_student_status | CS1: profile_field_previous_academic_year | CT1: profile_field_previous_grade_code | CU1: profile_field_previous_stream_code | CV1: profile_field_previous_division_code | CW1: profile_field_last_promotion_date | CX1: profile_field_last_promotion_result
A2: dps.stu.00001 | B2: DronaStudent2026! | C2: Aarav | D2: Patel | E2: dps.stu.00001@students.dronapublicschool.example | F2: manual | G2: Ahmedabad | H2: IN | I2: Asia/Kolkata | J2: en | K2: Drona Public School | L2: Primary | M2: DPS26-00001 | P2: Ahmedabad, Gujarat | Q2: DPS-2026-GSEB-GUJ-STD01-GEN-A | R2: GSEB | S2: DPS | T2: GUJ | U2: STD01 | V2: GEN | W2: A | X2: DPS26-00001 | Y2: 001 | Z2: GR-DPS-2026-00001 | AA2: 2020-01-01 | AB2: Male | AC2: B+ | AE2: General | AG2: Indian | AH2: Gujarati | AI2: 2026-04-01 | AO2: 0 | AQ2: TAG | AR2: 0 | AU2: 0 | AV2: 0 | AW2: None | BC2: Ahmedabad | BE2: Ahmedabad | BF2: Ahmedabad City | BG2: Ahmedabad | BH2: Gujarat | BI2: 380015 | BJ2: Ahmedabad | BL2: Ahmedabad | BM2: Ahmedabad City | BN2: Ahmedabad | BO2: Gujarat | BP2: 380015 | BQ2: 1 | BR2: Patel Father | BS2: +91-9800000001 | BU2: Service | BV2: Graduate | BW2: Patel Mother | BX2: +91-9700000001 | BZ2: Homemaker | CA2: Graduate | CG2: Patel Family | CH2: Parent | CI2: +91-9600000001 | CK2: 2026-2027 | CL2: GSEB | CM2: DPS | CN2: GUJ | CO2: STD01 | CP2: GEN | CQ2: A | CR2: ACTIVE | CU2: GEN
A3: dps.stu.00002 | B3: DronaStudent2026! | C3: Aditi | D3: Shah | E3: dps.stu.00002@students.dronapublicschool.example | F3: manual | G3: Ahmedabad | H3: IN | I3: Asia/Kolkata | J3: en | K3: Drona Public School | L3: Primary | M3: DPS26-00002 | P3: Ahmedabad, Gujarat | Q3: DPS-2026-GSEB-GUJ-STD01-GEN-A | R3: GSEB | S3: DPS | T3: GUJ | U3: STD01 | V3: GEN | W3: A | X3: DPS26-00002 | Y3: 002 | Z3: GR-DPS-2026-00002 | AA3: 2020-02-02 | AB3: Female | AC3: O+ | AE3: General | AG3: Indian | AH3: Gujarati | AI3: 2026-04-01 | AO3: 0 | AQ3: GAN | AR3: 0 | AU3: 0 | AV3: 0 | AW3: None | BC3: Ahmedabad | BE3: Ahmedabad | BF3: Ahmedabad City | BG3: Ahmedabad | BH3: Gujarat | BI3: 380015 | BJ3: Ahmedabad | BL3: Ahmedabad | BM3: Ahmedabad City | BN3: Ahmedabad | BO3: Gujarat | BP3: 380015 | BQ3: 1 | BR3: Shah Father | BS3: +91-9800000002 | BU3: Service | BV3: Graduate | BW3: Shah Mother | BX3: +91-9700000002 | BZ3: Homemaker | CA3: Graduate | CG3: Shah Family | CH3: Parent | CI3: +91-9600000002 | CK3: 2026-2027 | CL3: GSEB | CM3: DPS | CN3: GUJ | CO3: STD01 | CP3: GEN | CQ3: A | CR3: ACTIVE | CU3: GEN
A4: dps.stu.00003 | B4: DronaStudent2026! | C4: Vihaan | D4: Desai | E4: dps.stu.00003@students.dronapublicschool.example | F4: manual | G4: Ahmedabad | H4: IN | I4: Asia/Kolkata | J4: en | K4: Drona Public School | L4: Primary | M4: DPS26-00003 | P4: Ahmedabad, Gujarat | Q4: DPS-2026-GSEB-GUJ-STD01-GEN-A | R4: GSEB | S4: DPS | T4: GUJ | U4: STD01 | V4: GEN | W4: A | X4: DPS26-00003 | Y4: 003 | Z4: GR-DPS-2026-00003 | AA4: 2020-03-03 | AB4: Male | AC4: AB+ | AE4: General | AG4: Indian | AH4: Gujarati | AI4: 2026-04-01 | AO4: 0 | AQ4: RAM | AR4: 0 | AU4: 0 | AV4: 0 | AW4: None | BC4: Ahmedabad | BE4: Ahmedabad | BF4: Ahmedabad City | BG4: Ahmedabad | BH4: Gujarat | BI4: 380015 | BJ4: Ahmedabad | BL4: Ahmedabad | BM4: Ahmedabad City | BN4: Ahmedabad | BO4: Gujarat | BP4: 380015 | BQ4: 1 | BR4: Desai Father | BS4: +91-9800000003 | BU4: Service | BV4: Graduate | BW4: Desai Mother | BX4: +91-9700000003 | BZ4: Homemaker | CA4: Graduate | CG4: Desai Family | CH4: Parent | CI4: +91-9600000003 | CK4: 2026-2027 | CL4: GSEB | CM4: DPS | CN4: GUJ | CO4: STD01 | CP4: GEN | CQ4: A | CR4: ACTIVE | CU4: GEN
A5: dps.stu.00004 | B5: DronaStudent2026! | C5: Ananya | D5: Mehta | E5: dps.stu.00004@students.dronapublicschool.example | F5: manual | G5: Ahmedabad | H5: IN | I5: Asia/Kolkata | J5: en | K5: Drona Public School | L5: Primary | M5: DPS26-00004 | P5: Ahmedabad, Gujarat | Q5: DPS-2026-GSEB-GUJ-STD01-GEN-A | R5: GSEB | S5: DPS | T5: GUJ | U5: STD01 | V5: GEN | W5: A | X5: DPS26-00004 | Y5: 004 | Z5: GR-DPS-2026-00004 | AA5: 2020-04-04 | AB5: Female | AC5: A+ | AE5: General | AG5: Indian | AH5: Gujarati | AI5: 2026-04-01 | AO5: 0 | AQ5: ARYA | AR5: 0 | AU5: 0 | AV5: 0 | AW5: None | BC5: Ahmedabad | BE5: Ahmedabad | BF5: Ahmedabad City | BG5: Ahmedabad | BH5: Gujarat | BI5: 380015 | BJ5: Ahmedabad | BL5: Ahmedabad | BM5: Ahmedabad City | BN5: Ahmedabad | BO5: Gujarat | BP5: 380015 | BQ5: 1 | BR5: Mehta Father | BS5: +91-9800000004 | BU5: Service | BV5: Graduate | BW5: Mehta Mother | BX5: +91-9700000004 | BZ5: Homemaker | CA5: Graduate | CG5: Mehta Family | CH5: Parent | CI5: +91-9600000004 | CK5: 2026-2027 | CL5: GSEB | CM5: DPS | CN5: GUJ | CO5: STD01 | CP5: GEN | CQ5: A | CR5: ACTIVE | CU5: GEN
A6: dps.stu.00005 | B6: DronaStudent2026! | C6: Ishaan | D6: Joshi | E6: dps.stu.00005@students.dronapublicschool.example | F6: manual | G6: Ahmedabad | H6: IN | I6: Asia/Kolkata | J6: en | K6: Drona Public School | L6: Primary | M6: DPS26-00005 | P6: Ahmedabad, Gujarat | Q6: DPS-2026-GSEB-GUJ-STD01-GEN-A | R6: GSEB | S6: DPS | T6: GUJ | U6: STD01 | V6: GEN | W6: A | X6: DPS26-00005 | Y6: 005 | Z6: GR-DPS-2026-00005 | AA6: 2020-05-05 | AB6: Male | AC6: B+ | AE6: General | AG6: Indian | AH6: Gujarati | AI6: 2026-04-01 | AO6: 0 | AQ6: TAG | AR6: 0 | AU6: 0 | AV6: 0 | AW6: None | BC6: Ahmedabad | BE6: Ahmedabad | BF6: Ahmedabad City | BG6: Ahmedabad | BH6: Gujarat | BI6: 380015 | BJ6: Ahmedabad | BL6: Ahmedabad | BM6: Ahmedabad City | BN6: Ahmedabad | BO6: Gujarat | BP6: 380015 | BQ6: 1 | BR6: Joshi Father | BS6: +91-9800000005 | BU6: Service | BV6: Graduate | BW6: Joshi Mother | BX6: +91-9700000005 | BZ6: Homemaker | CA6: Graduate | CG6: Joshi Family | CH6: Parent | CI6: +91-9600000005 | CK6: 2026-2027 | CL6: GSEB | CM6: DPS | CN6: GUJ | CO6: STD01 | CP6: GEN | CQ6: A | CR6: ACTIVE | CU6: GEN
A7: dps.stu.00006 | B7: DronaStudent2026! | C7: Diya | D7: Trivedi | E7: dps.stu.00006@students.dronapublicschool.example | F7: manual | G7: Ahmedabad | H7: IN | I7: Asia/Kolkata | J7: en | K7: Drona Public School | L7: Primary | M7: DPS26-00006 | P7: Ahmedabad, Gujarat | Q7: DPS-2026-GSEB-GUJ-STD01-GEN-A | R7: GSEB | S7: DPS | T7: GUJ | U7: STD01 | V7: GEN | W7: A | X7: DPS26-00006 | Y7: 006 | Z7: GR-DPS-2026-00006 | AA7: 2020-06-06 | AB7: Female | AC7: O+ | AE7: General | AG7: Indian | AH7: Gujarati | AI7: 2026-04-01 | AO7: 0 | AQ7: GAN | AR7: 0 | AU7: 0 | AV7: 0 | AW7: None | BC7: Ahmedabad | BE7: Ahmedabad | BF7: Ahmedabad City | BG7: Ahmedabad | BH7: Gujarat | BI7: 380015 | BJ7: Ahmedabad | BL7: Ahmedabad | BM7: Ahmedabad City | BN7: Ahmedabad | BO7: Gujarat | BP7: 380015 | BQ7: 1 | BR7: Trivedi Father | BS7: +91-9800000006 | BU7: Service | BV7: Graduate | BW7: Trivedi Mother | BX7: +91-9700000006 | BZ7: Homemaker | CA7: Graduate | CG7: Trivedi Family | CH7: Parent | CI7: +91-9600000006 | CK7: 2026-2027 | CL7: GSEB | CM7: DPS | CN7: GUJ | CO7: STD01 | CP7: GEN | CQ7: A | CR7: ACTIVE | CU7: GEN
A8: dps.stu.00007 | B8: DronaStudent2026! | C8: Kabir | D8: Parmar | E8: dps.stu.00007@students.dronapublicschool.example | F8: manual | G8: Ahmedabad | H8: IN | I8: Asia/Kolkata | J8: en | K8: Drona Public School | L8: Primary | M8: DPS26-00007 | P8: Ahmedabad, Gujarat | Q8: DPS-2026-GSEB-GUJ-STD01-GEN-A | R8: GSEB | S8: DPS | T8: GUJ | U8: STD01 | V8: GEN | W8: A | X8: DPS26-00007 | Y8: 007 | Z8: GR-DPS-2026-00007 | AA8: 2020-07-07 | AB8: Male | AC8: AB+ | AE8: General | AG8: Indian | AH8: Gujarati | AI8: 2026-04-01 | AO8: 0 | AQ8: RAM | AR8: 0 | AU8: 0 | AV8: 0 | AW8: None | BC8: Ahmedabad | BE8: Ahmedabad | BF8: Ahmedabad City | BG8: Ahmedabad | BH8: Gujarat | BI8: 380015 | BJ8: Ahmedabad | BL8: Ahmedabad | BM8: Ahmedabad City | BN8: Ahmedabad | BO8: Gujarat | BP8: 380015 | BQ8: 1 | BR8: Parmar Father | BS8: +91-9800000007 | BU8: Service | BV8: Graduate | BW8: Parmar Mother | BX8: +91-9700000007 | BZ8: Homemaker | CA8: Graduate | CG8: Parmar Family | CH8: Parent | CI8: +91-9600000007 | CK8: 2026-2027 | CL8: GSEB | CM8: DPS | CN8: GUJ | CO8: STD01 | CP8: GEN | CQ8: A | CR8: ACTIVE | CU8: GEN
A9: dps.stu.00008 | B9: DronaStudent2026! | C9: Myra | D9: Solanki | E9: dps.stu.00008@students.dronapublicschool.example | F9: manual | G9: Ahmedabad | H9: IN | I9: Asia/Kolkata | J9: en | K9: Drona Public School | L9: Primary | M9: DPS26-00008 | P9: Ahmedabad, Gujarat | Q9: DPS-2026-GSEB-GUJ-STD01-GEN-A | R9: GSEB | S9: DPS | T9: GUJ | U9: STD01 | V9: GEN | W9: A | X9: DPS26-00008 | Y9: 008 | Z9: GR-DPS-2026-00008 | AA9: 2020-08-08 | AB9: Female | AC9: A+ | AE9: General | AG9: Indian | AH9: Gujarati | AI9: 2026-04-01 | AO9: 0 | AQ9: ARYA | AR9: 0 | AU9: 0 | AV9: 0 | AW9: None | BC9: Ahmedabad | BE9: Ahmedabad | BF9: Ahmedabad City | BG9: Ahmedabad | BH9: Gujarat | BI9: 380015 | BJ9: Ahmedabad | BL9: Ahmedabad | BM9: Ahmedabad City | BN9: Ahmedabad | BO9: Gujarat | BP9: 380015 | BQ9: 1 | BR9: Solanki Father | BS9: +91-9800000008 | BU9: Service | BV9: Graduate | BW9: Solanki Mother | BX9: +91-9700000008 | BZ9: Homemaker | CA9: Graduate | CG9: Solanki Family | CH9: Parent | CI9: +91-9600000008 | CK9: 2026-2027 | CL9: GSEB | CM9: DPS | CN9: GUJ | CO9: STD01 | CP9: GEN | CQ9: A | CR9: ACTIVE | CU9: GEN
A10: dps.stu.00009 | B10: DronaStudent2026! | C10: Reyansh | D10: Thakkar | E10: dps.stu.00009@students.dronapublicschool.example | F10: manual | G10: Ahmedabad | H10: IN | I10: Asia/Kolkata | J10: en | K10: Drona Public School | L10: Primary | M10: DPS26-00009 | P10: Ahmedabad, Gujarat | Q10: DPS-2026-GSEB-GUJ-STD01-GEN-A | R10: GSEB | S10: DPS | T10: GUJ | U10: STD01 | V10: GEN | W10: A | X10: DPS26-00009 | Y10: 009 | Z10: GR-DPS-2026-00009 | AA10: 2020-09-09 | AB10: Male | AC10: B+ | AE10: General | AG10: Indian | AH10: Gujarati | AI10: 2026-04-01 | AO10: 0 | AQ10: TAG | AR10: 0 | AU10: 0 | AV10: 0 | AW10: None | BC10: Ahmedabad | BE10: Ahmedabad | BF10: Ahmedabad City | BG10: Ahmedabad | BH10: Gujarat | BI10: 380015 | BJ10: Ahmedabad | BL10: Ahmedabad | BM10: Ahmedabad City | BN10: Ahmedabad | BO10: Gujarat | BP10: 380015 | BQ10: 1 | BR10: Thakkar Father | BS10: +91-9800000009 | BU10: Service | BV10: Graduate | BW10: Thakkar Mother | BX10: +91-9700000009 | BZ10: Homemaker | CA10: Graduate | CG10: Thakkar Family | CH10: Parent | CI10: +91-9600000009 | CK10: 2026-2027 | CL10: GSEB | CM10: DPS | CN10: GUJ | CO10: STD01 | CP10: GEN | CQ10: A | CR10: ACTIVE | CU10: GEN
A11: dps.stu.00010 | B11: DronaStudent2026! | C11: Saanvi | D11: Prajapati | E11: dps.stu.00010@students.dronapublicschool.example | F11: manual | G11: Ahmedabad | H11: IN | I11: Asia/Kolkata | J11: en | K11: Drona Public School | L11: Primary | M11: DPS26-00010 | P11: Ahmedabad, Gujarat | Q11: DPS-2026-GSEB-GUJ-STD01-GEN-A | R11: GSEB | S11: DPS | T11: GUJ | U11: STD01 | V11: GEN | W11: A | X11: DPS26-00010 | Y11: 010 | Z11: GR-DPS-2026-00010 | AA11: 2020-10-10 | AB11: Female | AC11: O+ | AE11: General | AG11: Indian | AH11: Gujarati | AI11: 2026-04-01 | AO11: 0 | AQ11: GAN | AR11: 0 | AU11: 0 | AV11: 0 | AW11: None | BC11: Ahmedabad | BE11: Ahmedabad | BF11: Ahmedabad City | BG11: Ahmedabad | BH11: Gujarat | BI11: 380015 | BJ11: Ahmedabad | BL11: Ahmedabad | BM11: Ahmedabad City | BN11: Ahmedabad | BO11: Gujarat | BP11: 380015 | BQ11: 1 | BR11: Prajapati Father | BS11: +91-9800000010 | BU11: Service | BV11: Graduate | BW11: Prajapati Mother | BX11: +91-9700000010 | BZ11: Homemaker | CA11: Graduate | CG11: Prajapati Family | CH11: Parent | CI11: +91-9600000010 | CK11: 2026-2027 | CL11: GSEB | CM11: DPS | CN11: GUJ | CO11: STD01 | CP11: GEN | CQ11: A | CR11: ACTIVE | CU11: GEN
A12: dps.stu.00011 | B12: DronaStudent2026! | C12: Krish | D12: Chauhan | E12: dps.stu.00011@students.dronapublicschool.example | F12: manual | G12: Ahmedabad | H12: IN | I12: Asia/Kolkata | J12: en | K12: Drona Public School | L12: Primary | M12: DPS26-00011 | P12: Ahmedabad, Gujarat | Q12: DPS-2026-GSEB-GUJ-STD01-GEN-A | R12: GSEB | S12: DPS | T12: GUJ | U12: STD01 | V12: GEN | W12: A | X12: DPS26-00011 | Y12: 011 | Z12: GR-DPS-2026-00011 | AA12: 2020-11-11 | AB12: Male | AC12: AB+ | AE12: General | AG12: Indian | AH12: Gujarati | AI12: 2026-04-01 | AO12: 0 | AQ12: RAM | AR12: 0 | AU12: 0 | AV12: 0 | AW12: None | BC12: Ahmedabad | BE12: Ahmedabad | BF12: Ahmedabad City | BG12: Ahmedabad | BH12: Gujarat | BI12: 380015 | BJ12: Ahmedabad | BL12: Ahmedabad | BM12: Ahmedabad City | BN12: Ahmedabad | BO12: Gujarat | BP12: 380015 | BQ12: 1 | BR12: Chauhan Father | BS12: +91-9800000011 | BU12: Service | BV12: Graduate | BW12: Chauhan Mother | BX12: +91-9700000011 | BZ12: Homemaker | CA12: Graduate | CG12: Chauhan Family | CH12: Parent | CI12: +91-9600000011 | CK12: 2026-2027 | CL12: GSEB | CM12: DPS | CN12: GUJ | CO12: STD01 | CP12: GEN | CQ12: A | CR12: ACTIVE | CU12: GEN
A13: dps.stu.00012 | B13: DronaStudent2026! | C13: Riya | D13: Rathod | E13: dps.stu.00012@students.dronapublicschool.example | F13: manual | G13: Ahmedabad | H13: IN | I13: Asia/Kolkata | J13: en | K13: Drona Public School | L13: Primary | M13: DPS26-00012 | P13: Ahmedabad, Gujarat | Q13: DPS-2026-GSEB-GUJ-STD01-GEN-A | R13: GSEB | S13: DPS | T13: GUJ | U13: STD01 | V13: GEN | W13: A | X13: DPS26-00012 | Y13: 012 | Z13: GR-DPS-2026-00012 | AA13: 2020-12-12 | AB13: Female | AC13: A+ | AE13: General | AG13: Indian | AH13: Gujarati | AI13: 2026-04-01 | AO13: 0 | AQ13: ARYA | AR13: 0 | AU13: 0 | AV13: 0 | AW13: None | BC13: Ahmedabad | BE13: Ahmedabad | BF13: Ahmedabad City | BG13: Ahmedabad | BH13: Gujarat | BI13: 380015 | BJ13: Ahmedabad | BL13: Ahmedabad | BM13: Ahmedabad City | BN13: Ahmedabad | BO13: Gujarat | BP13: 380015 | BQ13: 1 | BR13: Rathod Father | BS13: +91-9800000012 | BU13: Service | BV13: Graduate | BW13: Rathod Mother | BX13: +91-9700000012 | BZ13: Homemaker | CA13: Graduate | CG13: Rathod Family | CH13: Parent | CI13: +91-9600000012 | CK13: 2026-2027 | CL13: GSEB | CM13: DPS | CN13: GUJ | CO13: STD01 | CP13: GEN | CQ13: A | CR13: ACTIVE | CU13: GEN
... A301: dps.stu.00300 | B301: DronaStudent2026! | C301: Bhakti | D301: Barot | E301: dps.stu.00300@students.dronapublicschool.example | F301: manual | G301: Ahmedabad | H301: IN | I301: Asia/Kolkata | J301: en | K301: Drona Public School | L301: Primary | M301: DPS26-00300 | P301: Ahmedabad, Gujarat | Q301: DPS-2026-GSEB-HIN-STD01-GEN-E | R301: GSEB | S301: DPS | T301: HIN | U301: STD01 | V301: GEN | W301: E | X301: DPS26-00300 | Y301: 020 | Z301: GR-DPS-2026-00300 | AA301: 2020-12-03 | AB301: Female | AC301: A+ | AE301: General | AG301: Indian | AH301: Hindi | AI301: 2026-04-01 | AO301: 0 | AQ301: ARYA | AR301: 0 | AU301: 0 | AV301: 0 | AW301: None | BC301: Ahmedabad | BE301: Ahmedabad | BF301: Ahmedabad City | BG301: Ahmedabad | BH301: Gujarat | BI301: 380015 | BJ301: Ahmedabad | BL301: Ahmedabad | BM301: Ahmedabad City | BN301: Ahmedabad | BO301: Gujarat | BP301: 380015 | BQ301: 1 | BR301: Barot Father | BS301: +91-9800000300 | BU301: Service | BV301: Graduate | BW301: Barot Mother | BX301: +91-9700000300 | BZ301: Homemaker | CA301: Graduate | CG301: Barot Family | CH301: Parent | CI301: +91-9600000300 | CK301: 2026-2027 | CL301: GSEB | CM301: DPS | CN301: HIN | CO301: STD01 | CP301: GEN | CQ301: E | CR301: ACTIVE | CU301: GEN

Sheet 25_users_parents
A1: username | B1: password | C1: firstname | D1: lastname | E1: email | F1: auth | G1: city | H1: country | I1: timezone | J1: lang | K1: institution | L1: department | M1: idnumber | N1: phone1 | O1: phone2 | P1: address | Q1: profile_field_parent_type | R1: profile_field_parent_occupation | S1: profile_field_parent_qualification | T1: profile_field_parent_annual_income | U1: profile_field_preferred_language | V1: profile_field_consent_student_data | W1: profile_field_aadhaar_last4 | X1: profile_field_aadhaar_masked | Y1: profile_field_aadhaar_consent
A2: dps.par.00001 | B2: DronaParent2026! | C2: Patel | D2: Guardian | E2: dps.par.00001@parents.dronapublicschool.example | F2: manual | G2: Ahmedabad | H2: IN | I2: Asia/Kolkata | J2: en | K2: Drona Public School | L2: Parents | M2: DPS-PAR-00001 | N2: +91-9500000001 | P2: Ahmedabad, Gujarat | Q2: Guardian | R2: Service | S2: Graduate | U2: Gujarati | V2: 1 | Y2: 0
A3: dps.par.00002 | B3: DronaParent2026! | C3: Desai | D3: Parent | E3: dps.par.00002@parents.dronapublicschool.example | F3: manual | G3: Ahmedabad | H3: IN | I3: Asia/Kolkata | J3: en | K3: Drona Public School | L3: Parents | M3: DPS-PAR-00002 | N3: +91-9500000002 | P3: Ahmedabad, Gujarat | Q3: Father/Mother | R3: Service | S3: Graduate | U3: Gujarati | V3: 1 | Y3: 0
A4: dps.par.00003 | B4: DronaParent2026! | C4: Mehta | D4: Parent | E4: dps.par.00003@parents.dronapublicschool.example | F4: manual | G4: Ahmedabad | H4: IN | I4: Asia/Kolkata | J4: en | K4: Drona Public School | L4: Parents | M4: DPS-PAR-00003 | N4: +91-9500000003 | P4: Ahmedabad, Gujarat | Q4: Father/Mother | R4: Service | S4: Graduate | U4: Gujarati | V4: 1 | Y4: 0
A5: dps.par.00004 | B5: DronaParent2026! | C5: Joshi | D5: Parent | E5: dps.par.00004@parents.dronapublicschool.example | F5: manual | G5: Ahmedabad | H5: IN | I5: Asia/Kolkata | J5: en | K5: Drona Public School | L5: Parents | M5: DPS-PAR-00004 | N5: +91-9500000004 | P5: Ahmedabad, Gujarat | Q5: Father/Mother | R5: Service | S5: Graduate | U5: Gujarati | V5: 1 | Y5: 0
A6: dps.par.00005 | B6: DronaParent2026! | C6: Trivedi | D6: Parent | E6: dps.par.00005@parents.dronapublicschool.example | F6: manual | G6: Ahmedabad | H6: IN | I6: Asia/Kolkata | J6: en | K6: Drona Public School | L6: Parents | M6: DPS-PAR-00005 | N6: +91-9500000005 | P6: Ahmedabad, Gujarat | Q6: Father/Mother | R6: Service | S6: Graduate | U6: Gujarati | V6: 1 | Y6: 0
A7: dps.par.00006 | B7: DronaParent2026! | C7: Parmar | D7: Parent | E7: dps.par.00006@parents.dronapublicschool.example | F7: manual | G7: Ahmedabad | H7: IN | I7: Asia/Kolkata | J7: en | K7: Drona Public School | L7: Parents | M7: DPS-PAR-00006 | N7: +91-9500000006 | P7: Ahmedabad, Gujarat | Q7: Father/Mother | R7: Service | S7: Graduate | U7: Gujarati | V7: 1 | Y7: 0
A8: dps.par.00007 | B8: DronaParent2026! | C8: Solanki | D8: Parent | E8: dps.par.00007@parents.dronapublicschool.example | F8: manual | G8: Ahmedabad | H8: IN | I8: Asia/Kolkata | J8: en | K8: Drona Public School | L8: Parents | M8: DPS-PAR-00007 | N8: +91-9500000007 | P8: Ahmedabad, Gujarat | Q8: Father/Mother | R8: Service | S8: Graduate | U8: Gujarati | V8: 1 | Y8: 0
A9: dps.par.00008 | B9: DronaParent2026! | C9: Thakkar | D9: Parent | E9: dps.par.00008@parents.dronapublicschool.example | F9: manual | G9: Ahmedabad | H9: IN | I9: Asia/Kolkata | J9: en | K9: Drona Public School | L9: Parents | M9: DPS-PAR-00008 | N9: +91-9500000008 | P9: Ahmedabad, Gujarat | Q9: Father/Mother | R9: Service | S9: Graduate | U9: Gujarati | V9: 1 | Y9: 0
A10: dps.par.00009 | B10: DronaParent2026! | C10: Prajapati | D10: Parent | E10: dps.par.00009@parents.dronapublicschool.example | F10: manual | G10: Ahmedabad | H10: IN | I10: Asia/Kolkata | J10: en | K10: Drona Public School | L10: Parents | M10: DPS-PAR-00009 | N10: +91-9500000009 | P10: Ahmedabad, Gujarat | Q10: Father/Mother | R10: Service | S10: Graduate | U10: Gujarati | V10: 1 | Y10: 0
A11: dps.par.00010 | B11: DronaParent2026! | C11: Chauhan | D11: Guardian | E11: dps.par.00010@parents.dronapublicschool.example | F11: manual | G11: Ahmedabad | H11: IN | I11: Asia/Kolkata | J11: en | K11: Drona Public School | L11: Parents | M11: DPS-PAR-00010 | N11: +91-9500000010 | P11: Ahmedabad, Gujarat | Q11: Guardian | R11: Service | S11: Graduate | U11: Gujarati | V11: 1 | Y11: 0
A12: dps.par.00011 | B12: DronaParent2026! | C12: Vyas | D12: Parent | E12: dps.par.00011@parents.dronapublicschool.example | F12: manual | G12: Ahmedabad | H12: IN | I12: Asia/Kolkata | J12: en | K12: Drona Public School | L12: Parents | M12: DPS-PAR-00011 | N12: +91-9500000011 | P12: Ahmedabad, Gujarat | Q12: Father/Mother | R12: Service | S12: Graduate | U12: Gujarati | V12: 1 | Y12: 0
A13: dps.par.00012 | B13: DronaParent2026! | C13: Dave | D13: Parent | E13: dps.par.00012@parents.dronapublicschool.example | F13: manual | G13: Ahmedabad | H13: IN | I13: Asia/Kolkata | J13: en | K13: Drona Public School | L13: Parents | M13: DPS-PAR-00012 | N13: +91-9500000012 | P13: Ahmedabad, Gujarat | Q13: Father/Mother | R13: Service | S13: Graduate | U13: Gujarati | V13: 1 | Y13: 0
... A301: dps.par.00300 | B301: DronaParent2026! | C301: Dave | D301: Parent | E301: dps.par.00300@parents.dronapublicschool.example | F301: manual | G301: Ahmedabad | H301: IN | I301: Asia/Kolkata | J301: en | K301: Drona Public School | L301: Parents | M301: DPS-PAR-00300 | N301: +91-9500000300 | P301: Ahmedabad, Gujarat | Q301: Father/Mother | R301: Service | S301: Graduate | U301: Gujarati | V301: 1 | Y301: 0

Sheet 26_cohort_members
A1: username | B1: cohort_code | C1: role
A2: dps.stu.00001 | B2: DPS-2026-GSEB-GUJ-STD01-GEN-A | C2: student
A3: dps.stu.00002 | B3: DPS-2026-GSEB-GUJ-STD01-GEN-A | C3: student
A4: dps.stu.00003 | B4: DPS-2026-GSEB-GUJ-STD01-GEN-A | C4: student
A5: dps.stu.00004 | B5: DPS-2026-GSEB-GUJ-STD01-GEN-A | C5: student
A6: dps.stu.00005 | B6: DPS-2026-GSEB-GUJ-STD01-GEN-A | C6: student
A7: dps.stu.00006 | B7: DPS-2026-GSEB-GUJ-STD01-GEN-A | C7: student
A8: dps.stu.00007 | B8: DPS-2026-GSEB-GUJ-STD01-GEN-A | C8: student
A9: dps.stu.00008 | B9: DPS-2026-GSEB-GUJ-STD01-GEN-A | C9: student
A10: dps.stu.00009 | B10: DPS-2026-GSEB-GUJ-STD01-GEN-A | C10: student
A11: dps.stu.00010 | B11: DPS-2026-GSEB-GUJ-STD01-GEN-A | C11: student
A12: dps.stu.00011 | B12: DPS-2026-GSEB-GUJ-STD01-GEN-A | C12: student
... A201: dps.stu.00200 | B201: DPS-2026-GSEB-GUJ-STD01-GEN-D | C201: student

Sheet 27_role_assignments
A1: username | B1: role_shortname | C1: context_type | D1: context_identifier | E1: notes
A2: trustee.patel | B2: trustee_manager | C2: category | D2: DRONA_TRUST | E2: Trust-level management access.
A3: principal.sharma | B3: principal | C3: category | D3: DRONA_TRUST_GSEB_DPS | E3: School principal access.
A4: it.coordinator | B4: manager | C4: category | D4: DRONA_TRUST_GSEB_DPS | E4: IT coordinator category manager access.
A5: dps.tch.guj.guj | B5: editingteacher | C5: course | D5: DPS-GSEB-GUJ-STD01-GEN-GUJ-2026 | E5: Subject teacher for DPS-GSEB-GUJ-STD01-GEN-GUJ-26.
A6: dps.tch.guj.hin | B6: editingteacher | C6: course | D6: DPS-GSEB-GUJ-STD01-GEN-HIN-2026 | E6: Subject teacher for DPS-GSEB-GUJ-STD01-GEN-HIN-26.
A7: dps.tch.guj.eng | B7: editingteacher | C7: course | D7: DPS-GSEB-GUJ-STD01-GEN-ENG-2026 | E7: Subject teacher for DPS-GSEB-GUJ-STD01-GEN-ENG-26.
A8: dps.tch.guj.math | B8: editingteacher | C8: course | D8: DPS-GSEB-GUJ-STD01-GEN-MATH-2026 | E8: Subject teacher for DPS-GSEB-GUJ-STD01-GEN-MATH-26.
A9: dps.tch.guj.evs | B9: editingteacher | C9: course | D9: DPS-GSEB-GUJ-STD01-GEN-EVS-2026 | E9: Subject teacher for DPS-GSEB-GUJ-STD01-GEN-EVS-26.
A10: dps.tch.guj.art | B10: editingteacher | C10: course | D10: DPS-GSEB-GUJ-STD01-GEN-ART-2026 | E10: Subject teacher for DPS-GSEB-GUJ-STD01-GEN-ART-26.
A11: dps.tch.guj.pe | B11: editingteacher | C11: course | D11: DPS-GSEB-GUJ-STD01-GEN-PE-2026 | E11: Subject teacher for DPS-GSEB-GUJ-STD01-GEN-PE-26.
A12: dps.tch.guj.guj | B12: editingteacher | C12: course | D12: DPS-GSEB-GUJ-STD02-GEN-GUJ-2026 | E12: Subject teacher for DPS-GSEB-GUJ-STD02-GEN-GUJ-26.
... A201: dps.tch.eng.cs | B201: editingteacher | C201: course | D201: DPS-GSEB-ENG-STD10-GEN-CS-2026 | E201: Subject teacher for DPS-GSEB-ENG-STD10-GEN-CS-26.

Sheet 28_parent_links
A1: parent_username | B1: student_username | C1: relationship | D1: role_shortname | E1: allow_grade_view | F1: allow_activity_report_view | G1: notes
A2: dps.par.00001 | B2: dps.stu.00001 | C2: Guardian | D2: parent | E2: 1 | F2: 1 | G2: Shared sibling parent for local testing.
A3: dps.par.00001 | B3: dps.stu.00002 | C3: Guardian | D3: parent | E3: 1 | F3: 1 | G3: Shared sibling parent for local testing.
A4: dps.par.00002 | B4: dps.stu.00003 | C4: Parent | D4: parent | E4: 1 | F4: 1 | G4: Single-student parent for local testing.
A5: dps.par.00003 | B5: dps.stu.00004 | C5: Parent | D5: parent | E5: 1 | F5: 1 | G5: Single-student parent for local testing.
A6: dps.par.00004 | B6: dps.stu.00005 | C6: Parent | D6: parent | E6: 1 | F6: 1 | G6: Single-student parent for local testing.
A7: dps.par.00005 | B7: dps.stu.00006 | C7: Parent | D7: parent | E7: 1 | F7: 1 | G7: Single-student parent for local testing.
A8: dps.par.00006 | B8: dps.stu.00007 | C8: Parent | D8: parent | E8: 1 | F8: 1 | G8: Single-student parent for local testing.
A9: dps.par.00007 | B9: dps.stu.00008 | C9: Parent | D9: parent | E9: 1 | F9: 1 | G9: Single-student parent for local testing.
A10: dps.par.00008 | B10: dps.stu.00009 | C10: Parent | D10: parent | E10: 1 | F10: 1 | G10: Single-student parent for local testing.
A11: dps.par.00009 | B11: dps.stu.00010 | C11: Parent | D11: parent | E11: 1 | F11: 1 | G11: Single-student parent for local testing.
A12: dps.par.00010 | B12: dps.stu.00011 | C12: Guardian | D12: parent | E12: 1 | F12: 1 | G12: Shared sibling parent for local testing.
... A201: dps.par.00180 | B201: dps.stu.00200 | C201: Parent | D201: parent | E201: 1 | F201: 1 | G201: Single-student parent for local testing.

Sheet 29_enrolments
A1: course_code | B1: course_shortname | C1: cohort_code | D1: role_shortname | E1: group_name | F1: group_idnumber | G1: enrolment_method | H1: status
A2: DPS-GSEB-GUJ-STD01-GEN-GUJ-2026 | B2: DPS-GSEB-GUJ-STD01-GEN-GUJ-26 | C2: DPS-2026-GSEB-GUJ-STD01-GEN-A | D2: student | E2: Division A | F2: DPS-GSEB-GUJ-STD01-GEN-GUJ-2026-A | G2: cohort_sync | H2: active
A3: DPS-GSEB-GUJ-STD01-GEN-GUJ-2026 | B3: DPS-GSEB-GUJ-STD01-GEN-GUJ-26 | C3: DPS-2026-GSEB-GUJ-STD01-GEN-B | D3: student | E3: Division B | F3: DPS-GSEB-GUJ-STD01-GEN-GUJ-2026-B | G3: cohort_sync | H3: active
A4: DPS-GSEB-GUJ-STD01-GEN-GUJ-2026 | B4: DPS-GSEB-GUJ-STD01-GEN-GUJ-26 | C4: DPS-2026-GSEB-GUJ-STD01-GEN-C | D4: student | E4: Division C | F4: DPS-GSEB-GUJ-STD01-GEN-GUJ-2026-C | G4: cohort_sync | H4: active
A5: DPS-GSEB-GUJ-STD01-GEN-GUJ-2026 | B5: DPS-GSEB-GUJ-STD01-GEN-GUJ-26 | C5: DPS-2026-GSEB-GUJ-STD01-GEN-D | D5: student | E5: Division D | F5: DPS-GSEB-GUJ-STD01-GEN-GUJ-2026-D | G5: cohort_sync | H5: active
A6: DPS-GSEB-GUJ-STD01-GEN-GUJ-2026 | B6: DPS-GSEB-GUJ-STD01-GEN-GUJ-26 | C6: DPS-2026-GSEB-GUJ-STD01-GEN-E | D6: student | E6: Division E | F6: DPS-GSEB-GUJ-STD01-GEN-GUJ-2026-E | G6: cohort_sync | H6: active
A7: DPS-GSEB-GUJ-STD01-GEN-GUJ-2026 | B7: DPS-GSEB-GUJ-STD01-GEN-GUJ-26 | C7: DPS-2026-GSEB-GUJ-STD01-GEN-F | D7: student | E7: Division F | F7: DPS-GSEB-GUJ-STD01-GEN-GUJ-2026-F | G7: cohort_sync | H7: active
A8: DPS-GSEB-GUJ-STD01-GEN-HIN-2026 | B8: DPS-GSEB-GUJ-STD01-GEN-HIN-26 | C8: DPS-2026-GSEB-GUJ-STD01-GEN-A | D8: student | E8: Division A | F8: DPS-GSEB-GUJ-STD01-GEN-HIN-2026-A | G8: cohort_sync | H8: active
A9: DPS-GSEB-GUJ-STD01-GEN-HIN-2026 | B9: DPS-GSEB-GUJ-STD01-GEN-HIN-26 | C9: DPS-2026-GSEB-GUJ-STD01-GEN-B | D9: student | E9: Division B | F9: DPS-GSEB-GUJ-STD01-GEN-HIN-2026-B | G9: cohort_sync | H9: active
A10: DPS-GSEB-GUJ-STD01-GEN-HIN-2026 | B10: DPS-GSEB-GUJ-STD01-GEN-HIN-26 | C10: DPS-2026-GSEB-GUJ-STD01-GEN-C | D10: student | E10: Division C | F10: DPS-GSEB-GUJ-STD01-GEN-HIN-2026-C | G10: cohort_sync | H10: active
A11: DPS-GSEB-GUJ-STD01-GEN-HIN-2026 | B11: DPS-GSEB-GUJ-STD01-GEN-HIN-26 | C11: DPS-2026-GSEB-GUJ-STD01-GEN-D | D11: student | E11: Division D | F11: DPS-GSEB-GUJ-STD01-GEN-HIN-2026-D | G11: cohort_sync | H11: active
A12: DPS-GSEB-GUJ-STD01-GEN-HIN-2026 | B12: DPS-GSEB-GUJ-STD01-GEN-HIN-26 | C12: DPS-2026-GSEB-GUJ-STD01-GEN-E | D12: student | E12: Division E | F12: DPS-GSEB-GUJ-STD01-GEN-HIN-2026-E | G12: cohort_sync | H12: active
... A301: DPS-GSEB-GUJ-STD07-GEN-SS-2026 | B301: DPS-GSEB-GUJ-STD07-GEN-SS-26 | C301: DPS-2026-GSEB-GUJ-STD07-GEN-F | D301: student | E301: Division F | F301: DPS-GSEB-GUJ-STD07-GEN-SS-2026-F | G301: cohort_sync | H301: active

Sheet 30_lookup_values
A1: lookup_type | B1: code | C1: label
A2: academic_year | B2: 2026-2027 | C2: 2026-2027
A3: academic_year | B3: 2027-2028 | C3: 2027-2028
A4: academic_year | B4: 2028-2029 | C4: 2028-2029
A5: academic_year | B5: 2029-2030 | C5: 2029-2030
A6: medium | B6: GUJ | C6: Gujarati Medium
A7: medium | B7: ENG | C7: English Medium
A8: medium | B8: HIN | C8: Hindi Medium
A9: grade | B9: STD01 | C9: Standard 1
A10: grade | B10: STD02 | C10: Standard 2
A11: grade | B11: STD03 | C11: Standard 3
A12: grade | B12: STD04 | C12: Standard 4
... A52: subject | B52: STAT | C52: Statistics

Sheet 31_validation_rules
A1: file | B1: field | C1: rule | D1: severity
A2: registration/users/students/**/division-*.csv | B2: username | C2: Unique stable student username; do not include grade in username. | D2: error
A3: years/<year>/course_certificates.csv | B3: course_code | C3: Every course must have one certificate policy row. | D3: error
A4: years/<year>/course_term_exams.csv | B4: course_code | C4: Every course must have TERM1 and TERM2 rows. | D4: error
A5: years/<year>/course_final_exams.csv | B5: course_code | C5: Every course must have one final exam row. | D5: error

Sheet 32_source_references
A1: source_name | B1: url | C1: used_for
A2: Gujarat Education Department | B2: https://gujarat-education.gov.in/ | C2: Gujarat state education context and board reference.
A3: Gujarat State School Textbook Board | B3: https://gsstb.gujarat.gov.in/ | C3: Textbook and subject verification reference; local testing data must be reviewed before production.
A4: Moodle Documentation | B4: https://docs.moodle.org/ | C4: CSV upload, cohort, role and course setup patterns.

Sheet 33_summary
A1: metric | B1: value
A2: school | B2: Drona Public School
A3: academic_years | B3: 4
A4: students | B4: 5220
A5: parents | B5: 4698
A6: staff | B6: 69
A7: courses_per_year | B7: 360
A8: cohorts_per_year | B8: 288
A9: groups_per_year | B9: 2160

Sheet 34_master_course_template
A1: template_code | B1: shortname | C1: fullname | D1: idnumber | E1: category_code | F1: category_name | G1: format | H1: numsections | I1: visible | J1: enablecompletion | K1: showgrades | L1: showreports | M1: groupmode | N1: groupmodeforce | O1: lang | P1: tags | Q1: summary
A2: MASTER_ALL_GRADES_ALL_SUBJECTS_STANDARD | B2: MASTER-ALL-GRADES-ALL-SUBJECTS-STD-TEMPLATE | C2: MASTER - Drona All Grades - 10 Chapter Term and Final Exam Template | D2: MASTER_ALL_GRADES_ALL_SUBJECTS_STANDARD | E2: COURSE_TEMPLATES | F2: Course Templates | G2: topics | H2: 16 | I2: 0 | J2: 1 | K2: 1 | L2: 1 | M2: 1 | N2: 1 | O2: en | P2: master-template,all-grades,certification,term-exam,final-exam | Q2: Reusable hidden master template with course home, syllabus, 10 chapters, two term exams, final exam, and completion certification.

Sheet 35_course_template_sections
A1: template_code | B1: section_number | C1: section_name | D1: purpose | E1: default_visibility | F1: completion_relevant | G1: teacher_notes | H1: student_instructions
A2: MASTER_ALL_GRADES_ALL_SUBJECTS_STANDARD | B2: 0 | C2: Course Home & Orientation | D2: Welcome, announcements, navigation and teacher support. | E2: 1 | F2: 0 | G2: Keep visible for all students. | H2: Read before starting the course.
A3: MASTER_ALL_GRADES_ALL_SUBJECTS_STANDARD | B3: 1 | C3: Syllabus & Assessment Plan | D3: Board syllabus, textbook references, assessment plan and academic honesty. | E3: 1 | F3: 0 | G3: Update with grade subject plan. | H3: Review before chapter work.
A4: MASTER_ALL_GRADES_ALL_SUBJECTS_STANDARD | B4: 2 | C4: Chapter 1 | D4: Chapter 1 overview, activity, quiz, assignment and completion gate. | E4: 1 | F4: 1 | G4: Replace with official chapter 1 content. | H4: Complete required activities to continue.
A5: MASTER_ALL_GRADES_ALL_SUBJECTS_STANDARD | B5: 3 | C5: Chapter 2 | D5: Chapter 2 overview, activity, quiz, assignment and completion gate. | E5: 1 | F5: 1 | G5: Replace with official chapter 2 content. | H5: Complete required activities to continue.
A6: MASTER_ALL_GRADES_ALL_SUBJECTS_STANDARD | B6: 4 | C6: Chapter 3 | D6: Chapter 3 overview, activity, quiz, assignment and completion gate. | E6: 1 | F6: 1 | G6: Replace with official chapter 3 content. | H6: Complete required activities to continue.
A7: MASTER_ALL_GRADES_ALL_SUBJECTS_STANDARD | B7: 5 | C7: Chapter 4 | D7: Chapter 4 overview, activity, quiz, assignment and completion gate. | E7: 1 | F7: 1 | G7: Replace with official chapter 4 content. | H7: Complete required activities to continue.
A8: MASTER_ALL_GRADES_ALL_SUBJECTS_STANDARD | B8: 6 | C8: Chapter 5 | D8: Chapter 5 overview, activity, quiz, assignment and completion gate. | E8: 1 | F8: 1 | G8: Replace with official chapter 5 content. | H8: Complete required activities to continue.
A9: MASTER_ALL_GRADES_ALL_SUBJECTS_STANDARD | B9: 7 | C9: Chapter 6 | D9: Chapter 6 overview, activity, quiz, assignment and completion gate. | E9: 1 | F9: 1 | G9: Replace with official chapter 6 content. | H9: Complete required activities to continue.
A10: MASTER_ALL_GRADES_ALL_SUBJECTS_STANDARD | B10: 8 | C10: Chapter 7 | D10: Chapter 7 overview, activity, quiz, assignment and completion gate. | E10: 1 | F10: 1 | G10: Replace with official chapter 7 content. | H10: Complete required activities to continue.
A11: MASTER_ALL_GRADES_ALL_SUBJECTS_STANDARD | B11: 9 | C11: Chapter 8 | D11: Chapter 8 overview, activity, quiz, assignment and completion gate. | E11: 1 | F11: 1 | G11: Replace with official chapter 8 content. | H11: Complete required activities to continue.
A12: MASTER_ALL_GRADES_ALL_SUBJECTS_STANDARD | B12: 10 | C12: Chapter 9 | D12: Chapter 9 overview, activity, quiz, assignment and completion gate. | E12: 1 | F12: 1 | G12: Replace with official chapter 9 content. | H12: Complete required activities to continue.
... A17: MASTER_ALL_GRADES_ALL_SUBJECTS_STANDARD | B17: 15 | C17: Certificate & Completion | D17: Course completion status, verified certificate details and closing reflection. | E17: 1 | F17: 1 | G17: Certification is enabled by policy for every course. | H17: Complete all required activities to earn the course credential.

Sheet 36_course_template_activities
A1: template_code | B1: section_number | C1: item_order | D1: activity_key | E1: recommended_activity_type | F1: safe_placeholder_module | G1: default_name | H1: purpose | I1: completion_mode | J1: completion_required | K1: gradebook_category | L1: default_points | M1: visible | N1: pii_safe_note | O1: completion_rule | P1: unlock_next | Q1: grade_to_pass
A2: MASTER_ALL_GRADES_ALL_SUBJECTS_STANDARD | B2: 0 | C2: 1 | D2: course_welcome | E2: page | F2: page | G2: Welcome to this course | H2: Course introduction and navigation | I2: 2 | J2: 1 | L2: 0 | M2: 1 | N2: Do not add Aadhaar, health, address or parent contact details inside course content. | O2: view | P2: 0
A3: MASTER_ALL_GRADES_ALL_SUBJECTS_STANDARD | B3: 0 | C3: 2 | D3: announcements | E3: forum | F3: page | G3: Announcements | H3: Teacher announcements | I3: 0 | J3: 0 | L3: 0 | M3: 1 | N3: Do not add Aadhaar, health, address or parent contact details inside course content. | O3: none | P3: 0
A4: MASTER_ALL_GRADES_ALL_SUBJECTS_STANDARD | B4: 1 | C4: 1 | D4: syllabus_plan | E4: page | F4: page | G4: Syllabus and Year Plan | H4: Syllabus and assessment plan | I4: 2 | J4: 1 | L4: 0 | M4: 1 | N4: Do not add Aadhaar, health, address or parent contact details inside course content. | O4: view | P4: 0
A5: MASTER_ALL_GRADES_ALL_SUBJECTS_STANDARD | B5: 1 | C5: 2 | D5: learning_outcomes | E5: page | F5: page | G5: Learning Outcomes | H5: Grade-level learning outcomes | I5: 2 | J5: 1 | L5: 0 | M5: 1 | N5: Do not add Aadhaar, health, address or parent contact details inside course content. | O5: view | P5: 0
A6: MASTER_ALL_GRADES_ALL_SUBJECTS_STANDARD | B6: 2 | C6: 1 | D6: ch01_overview | E6: page | F6: page | G6: Chapter 1 Overview | H6: Chapter overview | I6: 2 | J6: 1 | L6: 0 | M6: 1 | N6: Do not add Aadhaar, health, address or parent contact details inside course content. | O6: view | P6: 0
A7: MASTER_ALL_GRADES_ALL_SUBJECTS_STANDARD | B7: 2 | C7: 2 | D7: ch01_study | E7: page | F7: page | G7: Chapter 1 Study Material | H7: Study material and textbook reference | I7: 2 | J7: 1 | L7: 0 | M7: 1 | N7: Do not add Aadhaar, health, address or parent contact details inside course content. | O7: view | P7: 0
A8: MASTER_ALL_GRADES_ALL_SUBJECTS_STANDARD | B8: 2 | C8: 3 | D8: ch01_quiz | E8: quiz | F8: page | G8: Chapter 1 Practice Quiz | H8: Low-stakes practice quiz | I8: 2 | J8: 1 | L8: 10 | M8: 1 | N8: Do not add Aadhaar, health, address or parent contact details inside course content. | O8: passgrade | P8: 0 | Q8: 4
A9: MASTER_ALL_GRADES_ALL_SUBJECTS_STANDARD | B9: 2 | C9: 4 | D9: ch01_assignment | E9: assign | F9: page | G9: Chapter 1 Assignment | H9: Worksheet or activity submission | I9: 2 | J9: 1 | L9: 10 | M9: 1 | N9: Do not add Aadhaar, health, address or parent contact details inside course content. | O9: submit | P9: 0 | Q9: 4
A10: MASTER_ALL_GRADES_ALL_SUBJECTS_STANDARD | B10: 2 | C10: 5 | D10: ch01_gate | E10: quiz | F10: page | G10: Chapter 1 Completion Gate | H10: Required completion gate to unlock next chapter | I10: 2 | J10: 1 | L10: 10 | M10: 1 | N10: Do not add Aadhaar, health, address or parent contact details inside course content. | O10: passgrade | P10: 1 | Q10: 4
A11: MASTER_ALL_GRADES_ALL_SUBJECTS_STANDARD | B11: 3 | C11: 1 | D11: ch02_overview | E11: page | F11: page | G11: Chapter 2 Overview | H11: Chapter overview | I11: 2 | J11: 1 | L11: 0 | M11: 1 | N11: Do not add Aadhaar, health, address or parent contact details inside course content. | O11: view | P11: 0
A12: MASTER_ALL_GRADES_ALL_SUBJECTS_STANDARD | B12: 3 | C12: 2 | D12: ch02_study | E12: page | F12: page | G12: Chapter 2 Study Material | H12: Study material and textbook reference | I12: 2 | J12: 1 | L12: 0 | M12: 1 | N12: Do not add Aadhaar, health, address or parent contact details inside course content. | O12: view | P12: 0
A13: MASTER_ALL_GRADES_ALL_SUBJECTS_STANDARD | B13: 3 | C13: 3 | D13: ch02_quiz | E13: quiz | F13: page | G13: Chapter 2 Practice Quiz | H13: Low-stakes practice quiz | I13: 2 | J13: 1 | L13: 10 | M13: 1 | N13: Do not add Aadhaar, health, address or parent contact details inside course content. | O13: passgrade | P13: 0 | Q13: 4
A14: MASTER_ALL_GRADES_ALL_SUBJECTS_STANDARD | B14: 3 | C14: 4 | D14: ch02_assignment | E14: assign | F14: page | G14: Chapter 2 Assignment | H14: Worksheet or activity submission | I14: 2 | J14: 1 | L14: 10 | M14: 1 | N14: Do not add Aadhaar, health, address or parent contact details inside course content. | O14: submit | P14: 0 | Q14: 4
A15: MASTER_ALL_GRADES_ALL_SUBJECTS_STANDARD | B15: 3 | C15: 5 | D15: ch02_gate | E15: quiz | F15: page | G15: Chapter 2 Completion Gate | H15: Required completion gate to unlock next chapter | I15: 2 | J15: 1 | L15: 10 | M15: 1 | N15: Do not add Aadhaar, health, address or parent contact details inside course content. | O15: passgrade | P15: 1 | Q15: 4
A16: MASTER_ALL_GRADES_ALL_SUBJECTS_STANDARD | B16: 4 | C16: 1 | D16: ch03_overview | E16: page | F16: page | G16: Chapter 3 Overview | H16: Chapter overview | I16: 2 | J16: 1 | L16: 0 | M16: 1 | N16: Do not add Aadhaar, health, address or parent contact details inside course content. | O16: view | P16: 0
A17: MASTER_ALL_GRADES_ALL_SUBJECTS_STANDARD | B17: 4 | C17: 2 | D17: ch03_study | E17: page | F17: page | G17: Chapter 3 Study Material | H17: Study material and textbook reference | I17: 2 | J17: 1 | L17: 0 | M17: 1 | N17: Do not add Aadhaar, health, address or parent contact details inside course content. | O17: view | P17: 0
A18: MASTER_ALL_GRADES_ALL_SUBJECTS_STANDARD | B18: 4 | C18: 3 | D18: ch03_quiz | E18: quiz | F18: page | G18: Chapter 3 Practice Quiz | H18: Low-stakes practice quiz | I18: 2 | J18: 1 | L18: 10 | M18: 1 | N18: Do not add Aadhaar, health, address or parent contact details inside course content. | O18: passgrade | P18: 0 | Q18: 4
A19: MASTER_ALL_GRADES_ALL_SUBJECTS_STANDARD | B19: 4 | C19: 4 | D19: ch03_assignment | E19: assign | F19: page | G19: Chapter 3 Assignment | H19: Worksheet or activity submission | I19: 2 | J19: 1 | L19: 10 | M19: 1 | N19: Do not add Aadhaar, health, address or parent contact details inside course content. | O19: submit | P19: 0 | Q19: 4
A20: MASTER_ALL_GRADES_ALL_SUBJECTS_STANDARD | B20: 4 | C20: 5 | D20: ch03_gate | E20: quiz | F20: page | G20: Chapter 3 Completion Gate | H20: Required completion gate to unlock next chapter | I20: 2 | J20: 1 | L20: 10 | M20: 1 | N20: Do not add Aadhaar, health, address or parent contact details inside course content. | O20: passgrade | P20: 1 | Q20: 4
A21: MASTER_ALL_GRADES_ALL_SUBJECTS_STANDARD | B21: 5 | C21: 1 | D21: ch04_overview | E21: page | F21: page | G21: Chapter 4 Overview | H21: Chapter overview | I21: 2 | J21: 1 | L21: 0 | M21: 1 | N21: Do not add Aadhaar, health, address or parent contact details inside course content. | O21: view | P21: 0
A22: MASTER_ALL_GRADES_ALL_SUBJECTS_STANDARD | B22: 5 | C22: 2 | D22: ch04_study | E22: page | F22: page | G22: Chapter 4 Study Material | H22: Study material and textbook reference | I22: 2 | J22: 1 | L22: 0 | M22: 1 | N22: Do not add Aadhaar, health, address or parent contact details inside course content. | O22: view | P22: 0
A23: MASTER_ALL_GRADES_ALL_SUBJECTS_STANDARD | B23: 5 | C23: 3 | D23: ch04_quiz | E23: quiz | F23: page | G23: Chapter 4 Practice Quiz | H23: Low-stakes practice quiz | I23: 2 | J23: 1 | L23: 10 | M23: 1 | N23: Do not add Aadhaar, health, address or parent contact details inside course content. | O23: passgrade | P23: 0 | Q23: 4
A24: MASTER_ALL_GRADES_ALL_SUBJECTS_STANDARD | B24: 5 | C24: 4 | D24: ch04_assignment | E24: assign | F24: page | G24: Chapter 4 Assignment | H24: Worksheet or activity submission | I24: 2 | J24: 1 | L24: 10 | M24: 1 | N24: Do not add Aadhaar, health, address or parent contact details inside course content. | O24: submit | P24: 0 | Q24: 4
A25: MASTER_ALL_GRADES_ALL_SUBJECTS_STANDARD | B25: 5 | C25: 5 | D25: ch04_gate | E25: quiz | F25: page | G25: Chapter 4 Completion Gate | H25: Required completion gate to unlock next chapter | I25: 2 | J25: 1 | L25: 10 | M25: 1 | N25: Do not add Aadhaar, health, address or parent contact details inside course content. | O25: passgrade | P25: 1 | Q25: 4
A26: MASTER_ALL_GRADES_ALL_SUBJECTS_STANDARD | B26: 6 | C26: 1 | D26: ch05_overview | E26: page | F26: page | G26: Chapter 5 Overview | H26: Chapter overview | I26: 2 | J26: 1 | L26: 0 | M26: 1 | N26: Do not add Aadhaar, health, address or parent contact details inside course content. | O26: view | P26: 0
A27: MASTER_ALL_GRADES_ALL_SUBJECTS_STANDARD | B27: 6 | C27: 2 | D27: ch05_study | E27: page | F27: page | G27: Chapter 5 Study Material | H27: Study material and textbook reference | I27: 2 | J27: 1 | L27: 0 | M27: 1 | N27: Do not add Aadhaar, health, address or parent contact details inside course content. | O27: view | P27: 0
A28: MASTER_ALL_GRADES_ALL_SUBJECTS_STANDARD | B28: 6 | C28: 3 | D28: ch05_quiz | E28: quiz | F28: page | G28: Chapter 5 Practice Quiz | H28: Low-stakes practice quiz | I28: 2 | J28: 1 | L28: 10 | M28: 1 | N28: Do not add Aadhaar, health, address or parent contact details inside course content. | O28: passgrade | P28: 0 | Q28: 4
A29: MASTER_ALL_GRADES_ALL_SUBJECTS_STANDARD | B29: 6 | C29: 4 | D29: ch05_assignment | E29: assign | F29: page | G29: Chapter 5 Assignment | H29: Worksheet or activity submission | I29: 2 | J29: 1 | L29: 10 | M29: 1 | N29: Do not add Aadhaar, health, address or parent contact details inside course content. | O29: submit | P29: 0 | Q29: 4
A30: MASTER_ALL_GRADES_ALL_SUBJECTS_STANDARD | B30: 6 | C30: 5 | D30: ch05_gate | E30: quiz | F30: page | G30: Chapter 5 Completion Gate | H30: Required completion gate to unlock next chapter | I30: 2 | J30: 1 | L30: 10 | M30: 1 | N30: Do not add Aadhaar, health, address or parent contact details inside course content. | O30: passgrade | P30: 1 | Q30: 4
A31: MASTER_ALL_GRADES_ALL_SUBJECTS_STANDARD | B31: 7 | C31: 1 | D31: ch06_overview | E31: page | F31: page | G31: Chapter 6 Overview | H31: Chapter overview | I31: 2 | J31: 1 | L31: 0 | M31: 1 | N31: Do not add Aadhaar, health, address or parent contact details inside course content. | O31: view | P31: 0
A32: MASTER_ALL_GRADES_ALL_SUBJECTS_STANDARD | B32: 7 | C32: 2 | D32: ch06_study | E32: page | F32: page | G32: Chapter 6 Study Material | H32: Study material and textbook reference | I32: 2 | J32: 1 | L32: 0 | M32: 1 | N32: Do not add Aadhaar, health, address or parent contact details inside course content. | O32: view | P32: 0
A33: MASTER_ALL_GRADES_ALL_SUBJECTS_STANDARD | B33: 7 | C33: 3 | D33: ch06_quiz | E33: quiz | F33: page | G33: Chapter 6 Practice Quiz | H33: Low-stakes practice quiz | I33: 2 | J33: 1 | L33: 10 | M33: 1 | N33: Do not add Aadhaar, health, address or parent contact details inside course content. | O33: passgrade | P33: 0 | Q33: 4
A34: MASTER_ALL_GRADES_ALL_SUBJECTS_STANDARD | B34: 7 | C34: 4 | D34: ch06_assignment | E34: assign | F34: page | G34: Chapter 6 Assignment | H34: Worksheet or activity submission | I34: 2 | J34: 1 | L34: 10 | M34: 1 | N34: Do not add Aadhaar, health, address or parent contact details inside course content. | O34: submit | P34: 0 | Q34: 4
A35: MASTER_ALL_GRADES_ALL_SUBJECTS_STANDARD | B35: 7 | C35: 5 | D35: ch06_gate | E35: quiz | F35: page | G35: Chapter 6 Completion Gate | H35: Required completion gate to unlock next chapter | I35: 2 | J35: 1 | L35: 10 | M35: 1 | N35: Do not add Aadhaar, health, address or parent contact details inside course content. | O35: passgrade | P35: 1 | Q35: 4
A36: MASTER_ALL_GRADES_ALL_SUBJECTS_STANDARD | B36: 8 | C36: 1 | D36: ch07_overview | E36: page | F36: page | G36: Chapter 7 Overview | H36: Chapter overview | I36: 2 | J36: 1 | L36: 0 | M36: 1 | N36: Do not add Aadhaar, health, address or parent contact details inside course content. | O36: view | P36: 0
A37: MASTER_ALL_GRADES_ALL_SUBJECTS_STANDARD | B37: 8 | C37: 2 | D37: ch07_study | E37: page | F37: page | G37: Chapter 7 Study Material | H37: Study material and textbook reference | I37: 2 | J37: 1 | L37: 0 | M37: 1 | N37: Do not add Aadhaar, health, address or parent contact details inside course content. | O37: view | P37: 0
A38: MASTER_ALL_GRADES_ALL_SUBJECTS_STANDARD | B38: 8 | C38: 3 | D38: ch07_quiz | E38: quiz | F38: page | G38: Chapter 7 Practice Quiz | H38: Low-stakes practice quiz | I38: 2 | J38: 1 | L38: 10 | M38: 1 | N38: Do not add Aadhaar, health, address or parent contact details inside course content. | O38: passgrade | P38: 0 | Q38: 4
A39: MASTER_ALL_GRADES_ALL_SUBJECTS_STANDARD | B39: 8 | C39: 4 | D39: ch07_assignment | E39: assign | F39: page | G39: Chapter 7 Assignment | H39: Worksheet or activity submission | I39: 2 | J39: 1 | L39: 10 | M39: 1 | N39: Do not add Aadhaar, health, address or parent contact details inside course content. | O39: submit | P39: 0 | Q39: 4
A40: MASTER_ALL_GRADES_ALL_SUBJECTS_STANDARD | B40: 8 | C40: 5 | D40: ch07_gate | E40: quiz | F40: page | G40: Chapter 7 Completion Gate | H40: Required completion gate to unlock next chapter | I40: 2 | J40: 1 | L40: 10 | M40: 1 | N40: Do not add Aadhaar, health, address or parent contact details inside course content. | O40: passgrade | P40: 1 | Q40: 4
A41: MASTER_ALL_GRADES_ALL_SUBJECTS_STANDARD | B41: 9 | C41: 1 | D41: ch08_overview | E41: page | F41: page | G41: Chapter 8 Overview | H41: Chapter overview | I41: 2 | J41: 1 | L41: 0 | M41: 1 | N41: Do not add Aadhaar, health, address or parent contact details inside course content. | O41: view | P41: 0
A42: MASTER_ALL_GRADES_ALL_SUBJECTS_STANDARD | B42: 9 | C42: 2 | D42: ch08_study | E42: page | F42: page | G42: Chapter 8 Study Material | H42: Study material and textbook reference | I42: 2 | J42: 1 | L42: 0 | M42: 1 | N42: Do not add Aadhaar, health, address or parent contact details inside course content. | O42: view | P42: 0
A43: MASTER_ALL_GRADES_ALL_SUBJECTS_STANDARD | B43: 9 | C43: 3 | D43: ch08_quiz | E43: quiz | F43: page | G43: Chapter 8 Practice Quiz | H43: Low-stakes practice quiz | I43: 2 | J43: 1 | L43: 10 | M43: 1 | N43: Do not add Aadhaar, health, address or parent contact details inside course content. | O43: passgrade | P43: 0 | Q43: 4
A44: MASTER_ALL_GRADES_ALL_SUBJECTS_STANDARD | B44: 9 | C44: 4 | D44: ch08_assignment | E44: assign | F44: page | G44: Chapter 8 Assignment | H44: Worksheet or activity submission | I44: 2 | J44: 1 | L44: 10 | M44: 1 | N44: Do not add Aadhaar, health, address or parent contact details inside course content. | O44: submit | P44: 0 | Q44: 4
A45: MASTER_ALL_GRADES_ALL_SUBJECTS_STANDARD | B45: 9 | C45: 5 | D45: ch08_gate | E45: quiz | F45: page | G45: Chapter 8 Completion Gate | H45: Required completion gate to unlock next chapter | I45: 2 | J45: 1 | L45: 10 | M45: 1 | N45: Do not add Aadhaar, health, address or parent contact details inside course content. | O45: passgrade | P45: 1 | Q45: 4
A46: MASTER_ALL_GRADES_ALL_SUBJECTS_STANDARD | B46: 10 | C46: 1 | D46: ch09_overview | E46: page | F46: page | G46: Chapter 9 Overview | H46: Chapter overview | I46: 2 | J46: 1 | L46: 0 | M46: 1 | N46: Do not add Aadhaar, health, address or parent contact details inside course content. | O46: view | P46: 0
A47: MASTER_ALL_GRADES_ALL_SUBJECTS_STANDARD | B47: 10 | C47: 2 | D47: ch09_study | E47: page | F47: page | G47: Chapter 9 Study Material | H47: Study material and textbook reference | I47: 2 | J47: 1 | L47: 0 | M47: 1 | N47: Do not add Aadhaar, health, address or parent contact details inside course content. | O47: view | P47: 0
A48: MASTER_ALL_GRADES_ALL_SUBJECTS_STANDARD | B48: 10 | C48: 3 | D48: ch09_quiz | E48: quiz | F48: page | G48: Chapter 9 Practice Quiz | H48: Low-stakes practice quiz | I48: 2 | J48: 1 | L48: 10 | M48: 1 | N48: Do not add Aadhaar, health, address or parent contact details inside course content. | O48: passgrade | P48: 0 | Q48: 4
A49: MASTER_ALL_GRADES_ALL_SUBJECTS_STANDARD | B49: 10 | C49: 4 | D49: ch09_assignment | E49: assign | F49: page | G49: Chapter 9 Assignment | H49: Worksheet or activity submission | I49: 2 | J49: 1 | L49: 10 | M49: 1 | N49: Do not add Aadhaar, health, address or parent contact details inside course content. | O49: submit | P49: 0 | Q49: 4
A50: MASTER_ALL_GRADES_ALL_SUBJECTS_STANDARD | B50: 10 | C50: 5 | D50: ch09_gate | E50: quiz | F50: page | G50: Chapter 9 Completion Gate | H50: Required completion gate to unlock next chapter | I50: 2 | J50: 1 | L50: 10 | M50: 1 | N50: Do not add Aadhaar, health, address or parent contact details inside course content. | O50: passgrade | P50: 1 | Q50: 4
A51: MASTER_ALL_GRADES_ALL_SUBJECTS_STANDARD | B51: 11 | C51: 1 | D51: ch10_overview | E51: page | F51: page | G51: Chapter 10 Overview | H51: Chapter overview | I51: 2 | J51: 1 | L51: 0 | M51: 1 | N51: Do not add Aadhaar, health, address or parent contact details inside course content. | O51: view | P51: 0
A52: MASTER_ALL_GRADES_ALL_SUBJECTS_STANDARD | B52: 11 | C52: 2 | D52: ch10_study | E52: page | F52: page | G52: Chapter 10 Study Material | H52: Study material and textbook reference | I52: 2 | J52: 1 | L52: 0 | M52: 1 | N52: Do not add Aadhaar, health, address or parent contact details inside course content. | O52: view | P52: 0
A53: MASTER_ALL_GRADES_ALL_SUBJECTS_STANDARD | B53: 11 | C53: 3 | D53: ch10_quiz | E53: quiz | F53: page | G53: Chapter 10 Practice Quiz | H53: Low-stakes practice quiz | I53: 2 | J53: 1 | L53: 10 | M53: 1 | N53: Do not add Aadhaar, health, address or parent contact details inside course content. | O53: passgrade | P53: 0 | Q53: 4
A54: MASTER_ALL_GRADES_ALL_SUBJECTS_STANDARD | B54: 11 | C54: 4 | D54: ch10_assignment | E54: assign | F54: page | G54: Chapter 10 Assignment | H54: Worksheet or activity submission | I54: 2 | J54: 1 | L54: 10 | M54: 1 | N54: Do not add Aadhaar, health, address or parent contact details inside course content. | O54: submit | P54: 0 | Q54: 4
A55: MASTER_ALL_GRADES_ALL_SUBJECTS_STANDARD | B55: 11 | C55: 5 | D55: ch10_gate | E55: quiz | F55: page | G55: Chapter 10 Completion Gate | H55: Required completion gate to unlock next chapter | I55: 2 | J55: 1 | L55: 10 | M55: 1 | N55: Do not add Aadhaar, health, address or parent contact details inside course content. | O55: passgrade | P55: 1 | Q55: 4
A56: MASTER_ALL_GRADES_ALL_SUBJECTS_STANDARD | B56: 12 | C56: 1 | D56: term1_objective_quiz | E56: quiz | F56: page | G56: TERM1 Objective Quiz | H56: Term objective assessment | I56: 2 | J56: 1 | L56: 20 | M56: 1 | N56: Do not add Aadhaar, health, address or parent contact details inside course content. | O56: passgrade | P56: 0 | Q56: 8
A57: MASTER_ALL_GRADES_ALL_SUBJECTS_STANDARD | B57: 12 | C57: 2 | D57: term1_written_submission | E57: assign | F57: page | G57: TERM1 Written Submission | H57: Term written paper or worksheet upload | I57: 2 | J57: 1 | L57: 20 | M57: 1 | N57: Do not add Aadhaar, health, address or parent contact details inside course content. | O57: submit | P57: 0 | Q57: 8
A58: MASTER_ALL_GRADES_ALL_SUBJECTS_STANDARD | B58: 12 | C58: 3 | D58: term1_portfolio | E58: assign | F58: page | G58: TERM1 Portfolio / Activity Record | H58: Term activity portfolio | I58: 2 | J58: 1 | L58: 10 | M58: 1 | N58: Do not add Aadhaar, health, address or parent contact details inside course content. | O58: submit | P58: 0 | Q58: 4
A59: MASTER_ALL_GRADES_ALL_SUBJECTS_STANDARD | B59: 13 | C59: 1 | D59: term2_objective_quiz | E59: quiz | F59: page | G59: TERM2 Objective Quiz | H59: Term objective assessment | I59: 2 | J59: 1 | L59: 20 | M59: 1 | N59: Do not add Aadhaar, health, address or parent contact details inside course content. | O59: passgrade | P59: 0 | Q59: 8
A60: MASTER_ALL_GRADES_ALL_SUBJECTS_STANDARD | B60: 13 | C60: 2 | D60: term2_written_submission | E60: assign | F60: page | G60: TERM2 Written Submission | H60: Term written paper or worksheet upload | I60: 2 | J60: 1 | L60: 20 | M60: 1 | N60: Do not add Aadhaar, health, address or parent contact details inside course content. | O60: submit | P60: 0 | Q60: 8
A61: MASTER_ALL_GRADES_ALL_SUBJECTS_STANDARD | B61: 13 | C61: 3 | D61: term2_portfolio | E61: assign | F61: page | G61: TERM2 Portfolio / Activity Record | H61: Term activity portfolio | I61: 2 | J61: 1 | L61: 10 | M61: 1 | N61: Do not add Aadhaar, health, address or parent contact details inside course content. | O61: submit | P61: 0 | Q61: 4
A62: MASTER_ALL_GRADES_ALL_SUBJECTS_STANDARD | B62: 14 | C62: 1 | D62: final_objective_quiz | E62: quiz | F62: page | G62: Final Exam Objective Test | H62: Final objective assessment | I62: 2 | J62: 1 | L62: 40 | M62: 1 | N62: Do not add Aadhaar, health, address or parent contact details inside course content. | O62: passgrade | P62: 0 | Q62: 16
A63: MASTER_ALL_GRADES_ALL_SUBJECTS_STANDARD | B63: 14 | C63: 2 | D63: final_written_submission | E63: assign | F63: page | G63: Final Written Paper Upload | H63: Final written assessment upload | I63: 2 | J63: 1 | L63: 40 | M63: 1 | N63: Do not add Aadhaar, health, address or parent contact details inside course content. | O63: submit | P63: 0 | Q63: 16
A64: MASTER_ALL_GRADES_ALL_SUBJECTS_STANDARD | B64: 14 | C64: 3 | D64: final_project_portfolio | E64: assign | F64: page | G64: Final Project / Portfolio | H64: Final project or portfolio submission | I64: 2 | J64: 1 | L64: 20 | M64: 1 | N64: Do not add Aadhaar, health, address or parent contact details inside course content. | O64: submit | P64: 0 | Q64: 8
A65: MASTER_ALL_GRADES_ALL_SUBJECTS_STANDARD | B65: 15 | C65: 1 | D65: completion_summary | E65: page | F65: page | G65: Completion Summary | H65: Course completion and certificate guidance | I65: 2 | J65: 1 | L65: 0 | M65: 1 | N65: Do not add Aadhaar, health, address or parent contact details inside course content. | O65: view | P65: 0

Sheet 37_course_template_gradebook
A1: template_code | B1: category_name | C1: weight_percent | D1: default_pass_percent | E1: notes
A2: MASTER_ALL_GRADES_ALL_SUBJECTS_STANDARD | B2: Classwork and Participation | C2: 15 | D2: 40 | E2: Chapter overview, participation and classwork
A3: MASTER_ALL_GRADES_ALL_SUBJECTS_STANDARD | B3: Practice Quizzes | C3: 15 | D3: 40 | E3: Chapter practice quizzes
A4: MASTER_ALL_GRADES_ALL_SUBJECTS_STANDARD | B4: Assignments and Projects | C4: 20 | D4: 40 | E4: Worksheets, projects and portfolios
A5: MASTER_ALL_GRADES_ALL_SUBJECTS_STANDARD | B5: Chapter Gates | C5: 10 | D5: 40 | E5: Required chapter gates
A6: MASTER_ALL_GRADES_ALL_SUBJECTS_STANDARD | B6: Term Exams | C6: 20 | D6: 40 | E6: Term 1 and Term 2 exams
A7: MASTER_ALL_GRADES_ALL_SUBJECTS_STANDARD | B7: Final Assessment | C7: 20 | D7: 40 | E7: Final exam

Sheet 38_grade_band_template_adjustme
A1: grade_band | B1: grade_codes | C1: classwork_weight | D1: practice_quiz_weight | E1: assignment_weight | F1: chapter_gate_weight | G1: final_weight | H1: passing_grade_percent | I1: template_adjustment
A2: G1-G2 | B2: STD01|STD02 | C2: 35 | D2: 10 | E2: 30 | F2: 10 | G2: 15 | H2: 40 | I2: Activity-heavy and teacher-guided.
A3: G3-G5 | B3: STD03|STD04|STD05 | C3: 30 | D3: 15 | E3: 30 | F3: 10 | G3: 15 | H3: 40 | I3: Primary activity and chapter gate model.
A4: G6-G8 | B4: STD06|STD07|STD08 | C4: 20 | D4: 20 | E4: 25 | F4: 15 | G4: 20 | H4: 40 | I4: Structured quizzes and projects.
A5: G9-G10 | B5: STD09|STD10 | C5: 15 | D5: 20 | E5: 25 | F5: 20 | G5: 20 | H5: 40 | I5: Board foundation pattern.
A6: G11-G12 | B6: STD11|STD12 | C6: 10 | D6: 25 | E6: 25 | F6: 20 | G6: 20 | H6: 40 | I6: Higher secondary stream-specific pattern.

Sheet 39_subject_template_adjustments
A1: subject_area | B1: subject_codes | C1: recommended_template_additions | D1: default_extra_sections
A2: Mathematics | B2: MATH|AMATH|FNUM | C2: Practice sets, formula sheet, step-by-step examples, auto-graded quizzes | D2: Use existing Chapter sections; add chapter-wise problem sets and keep the completion gate as a short mastery quiz.
A3: Science | B3: SCI|PHY|CHEM|BIO|EVS | C3: Lab safety, experiments, diagrams, observations, practical reports | D3: Use existing Chapter sections; add experiment/practical evidence in assignment activities and keep personal data out of tasks.
A4: English / Languages | B4: ENG|GUJ|HIN|SAN|MAR|URD|TAM|FRE|GER|SPA|RHYM|FLIT | C4: Reading passages, grammar tasks, writing assignments, speaking/listening tasks | D4: Use existing Chapter sections; use assignments for writing/speaking evidence and gates for comprehension checks.
A5: Social Studies | B5: SS|HIST|POLSCI|GEO|SOC|PSY|CIV|ECO | C5: Maps, timelines, case studies, source analysis, essay assignments | D5: Use existing Chapter sections; add maps/source activities and chapter gates for concept checks.
A6: Computer Science | B6: CS|IT|ICT|AI|CODING | C6: Coding tasks, project files, quizzes, practical submissions | D6: Use existing Chapter sections; use assignments for code/practical submissions and gates for theory or practical checks.
A7: Art / Music | B7: ART|MUSIC|ARTC|DANCE|DRAMA | C7: Portfolio submissions, performance tasks, reflection journals | D7: Use existing Chapter sections; use assignments for portfolio/performance evidence and lighter teacher-reviewed gates.
A8: Physical Education | B8: PE|YOGA|SPORTS|HEALTH | C8: Activity logs, fitness records, practical assessment rubric | D8: Use existing Chapter sections; avoid sensitive health data and use rubrics for practical assessment.
A9: Commerce | B9: ACC|BST|BA|STAT|ENT|ECO | C9: Accounting practice sets, case studies, problem-solving worksheets, project work | D9: Use existing Chapter sections; add commerce problem sets and case-study assignments with chapter gates for mastery.
A10: Vocational / Skill | B10: VOC|SKILL|WORKEDU | C10: Practical tasks, workplace safety, skill demonstration, portfolio evidence | D10: Use existing Chapter sections; use assignments for skill evidence and gates for safety/process checks.

Sheet 40_completion_tracking_defaults
A1: activity_type | B1: completion_mode | C1: recommended_moodle_completion | D1: grade_required | E1: notes
A2: page | B2: view | C2: Student must view activity | D2: 0 | E2: Use for welcome, syllabus, overview, notes, revision plans, and completion summary pages.
A3: book | B3: view | C3: Student must view activity | D3: 0 | E3: Use for chapter study material when the Book module is installed; Page fallback is safe.
A4: url | B4: view | C4: Student must view activity | D4: 0 | E4: Use for DIKSHA, NCERT, CBSE, state board, or school-approved external resources.
A5: forum | B5: view_or_post | C5: Use view for simple discussion placeholders; require posts only when moderation rules are ready. | D5: 0 | E5: Use separate groups if class divisions should not see each other's posts.
A6: assign | B6: submit | C6: Student must submit to complete | D6: 1 | E6: Use rubrics for worksheets, projects, lab records, practicals, writing tasks, and portfolios.
A7: quiz | B7: grade | C7: Student must receive a grade to complete | D7: 1 | E7: Use for practice quizzes and knowledge checks.
A8: quiz_passgate | B8: passgrade | C8: Student must receive a passing grade to complete | D8: 1 | E8: Use for chapter completion gates that unlock the next chapter; default pass is 40 percent.
A9: feedback | B9: submit | C9: Student must submit feedback | D9: 0 | E9: Use at the end of the course.
A10: customcert | B10: view | C10: Student must view/download the generated certificate activity | D10: 0 | E10: Default verified PDF course certificate created by mod_customcert in the final course section.

Sheet 41_course_template_application
A1: course_shortname | B1: course_code | C1: course_fullname | D1: template_code | E1: templatecourse_shortname | F1: academic_year | G1: term | H1: grade_code | I1: grade_band | J1: subject_code | K1: stream_code | L1: visible_after_creation | M1: enablecompletion | N1: apply_sections | O1: apply_gradebook | P1: apply_completion_defaults | Q1: certificate_policy_code | R1: notes
A2: DPS-GSEB-GUJ-STD01-GEN-GUJ-26 | B2: DPS-GSEB-GUJ-STD01-GEN-GUJ-2026 | C2: Drona Public School - Gujarat Board Education - Gujarati Medium - Standard 1 - GEN - Gujarati - 2026-2027 | D2: MASTER_ALL_GRADES_ALL_SUBJECTS_STANDARD | E2: MASTER-ALL-GRADES-ALL-SUBJECTS-STD-TEMPLATE | F2: 2026-2027 | G2: Academic Year 2026-2027 | H2: STD01 | I2: G1-G2 | J2: GUJ | K2: GEN | L2: 1 | M2: 1 | N2: 1 | O2: 1 | P2: 1 | Q2: PRIMARY_COURSE_COMPLETION_BADGE | R2: Certification enabled by default. Visible by default for demo and student dashboard access.
A3: DPS-GSEB-GUJ-STD01-GEN-HIN-26 | B3: DPS-GSEB-GUJ-STD01-GEN-HIN-2026 | C3: Drona Public School - Gujarat Board Education - Gujarati Medium - Standard 1 - GEN - Hindi - 2026-2027 | D3: MASTER_ALL_GRADES_ALL_SUBJECTS_STANDARD | E3: MASTER-ALL-GRADES-ALL-SUBJECTS-STD-TEMPLATE | F3: 2026-2027 | G3: Academic Year 2026-2027 | H3: STD01 | I3: G1-G2 | J3: HIN | K3: GEN | L3: 1 | M3: 1 | N3: 1 | O3: 1 | P3: 1 | Q3: PRIMARY_COURSE_COMPLETION_BADGE | R3: Certification enabled by default. Visible by default for demo and student dashboard access.
A4: DPS-GSEB-GUJ-STD01-GEN-ENG-26 | B4: DPS-GSEB-GUJ-STD01-GEN-ENG-2026 | C4: Drona Public School - Gujarat Board Education - Gujarati Medium - Standard 1 - GEN - English - 2026-2027 | D4: MASTER_ALL_GRADES_ALL_SUBJECTS_STANDARD | E4: MASTER-ALL-GRADES-ALL-SUBJECTS-STD-TEMPLATE | F4: 2026-2027 | G4: Academic Year 2026-2027 | H4: STD01 | I4: G1-G2 | J4: ENG | K4: GEN | L4: 1 | M4: 1 | N4: 1 | O4: 1 | P4: 1 | Q4: PRIMARY_COURSE_COMPLETION_BADGE | R4: Certification enabled by default. Visible by default for demo and student dashboard access.
A5: DPS-GSEB-GUJ-STD01-GEN-MATH-26 | B5: DPS-GSEB-GUJ-STD01-GEN-MATH-2026 | C5: Drona Public School - Gujarat Board Education - Gujarati Medium - Standard 1 - GEN - Mathematics - 2026-2027 | D5: MASTER_ALL_GRADES_ALL_SUBJECTS_STANDARD | E5: MASTER-ALL-GRADES-ALL-SUBJECTS-STD-TEMPLATE | F5: 2026-2027 | G5: Academic Year 2026-2027 | H5: STD01 | I5: G1-G2 | J5: MATH | K5: GEN | L5: 1 | M5: 1 | N5: 1 | O5: 1 | P5: 1 | Q5: PRIMARY_COURSE_COMPLETION_BADGE | R5: Certification enabled by default. Visible by default for demo and student dashboard access.
A6: DPS-GSEB-GUJ-STD01-GEN-EVS-26 | B6: DPS-GSEB-GUJ-STD01-GEN-EVS-2026 | C6: Drona Public School - Gujarat Board Education - Gujarati Medium - Standard 1 - GEN - Environmental Studies - 2026-2027 | D6: MASTER_ALL_GRADES_ALL_SUBJECTS_STANDARD | E6: MASTER-ALL-GRADES-ALL-SUBJECTS-STD-TEMPLATE | F6: 2026-2027 | G6: Academic Year 2026-2027 | H6: STD01 | I6: G1-G2 | J6: EVS | K6: GEN | L6: 1 | M6: 1 | N6: 1 | O6: 1 | P6: 1 | Q6: PRIMARY_COURSE_COMPLETION_BADGE | R6: Certification enabled by default. Visible by default for demo and student dashboard access.
A7: DPS-GSEB-GUJ-STD01-GEN-ART-26 | B7: DPS-GSEB-GUJ-STD01-GEN-ART-2026 | C7: Drona Public School - Gujarat Board Education - Gujarati Medium - Standard 1 - GEN - Art Education - 2026-2027 | D7: MASTER_ALL_GRADES_ALL_SUBJECTS_STANDARD | E7: MASTER-ALL-GRADES-ALL-SUBJECTS-STD-TEMPLATE | F7: 2026-2027 | G7: Academic Year 2026-2027 | H7: STD01 | I7: G1-G2 | J7: ART | K7: GEN | L7: 1 | M7: 1 | N7: 1 | O7: 1 | P7: 1 | Q7: PRIMARY_COURSE_COMPLETION_BADGE | R7: Certification enabled by default. Visible by default for demo and student dashboard access.
A8: DPS-GSEB-GUJ-STD01-GEN-PE-26 | B8: DPS-GSEB-GUJ-STD01-GEN-PE-2026 | C8: Drona Public School - Gujarat Board Education - Gujarati Medium - Standard 1 - GEN - Physical Education - 2026-2027 | D8: MASTER_ALL_GRADES_ALL_SUBJECTS_STANDARD | E8: MASTER-ALL-GRADES-ALL-SUBJECTS-STD-TEMPLATE | F8: 2026-2027 | G8: Academic Year 2026-2027 | H8: STD01 | I8: G1-G2 | J8: PE | K8: GEN | L8: 1 | M8: 1 | N8: 1 | O8: 1 | P8: 1 | Q8: PRIMARY_COURSE_COMPLETION_BADGE | R8: Certification enabled by default. Visible by default for demo and student dashboard access.
A9: DPS-GSEB-GUJ-STD02-GEN-GUJ-26 | B9: DPS-GSEB-GUJ-STD02-GEN-GUJ-2026 | C9: Drona Public School - Gujarat Board Education - Gujarati Medium - Standard 2 - GEN - Gujarati - 2026-2027 | D9: MASTER_ALL_GRADES_ALL_SUBJECTS_STANDARD | E9: MASTER-ALL-GRADES-ALL-SUBJECTS-STD-TEMPLATE | F9: 2026-2027 | G9: Academic Year 2026-2027 | H9: STD02 | I9: G1-G2 | J9: GUJ | K9: GEN | L9: 1 | M9: 1 | N9: 1 | O9: 1 | P9: 1 | Q9: PRIMARY_COURSE_COMPLETION_BADGE | R9: Certification enabled by default. Visible by default for demo and student dashboard access.
A10: DPS-GSEB-GUJ-STD02-GEN-HIN-26 | B10: DPS-GSEB-GUJ-STD02-GEN-HIN-2026 | C10: Drona Public School - Gujarat Board Education - Gujarati Medium - Standard 2 - GEN - Hindi - 2026-2027 | D10: MASTER_ALL_GRADES_ALL_SUBJECTS_STANDARD | E10: MASTER-ALL-GRADES-ALL-SUBJECTS-STD-TEMPLATE | F10: 2026-2027 | G10: Academic Year 2026-2027 | H10: STD02 | I10: G1-G2 | J10: HIN | K10: GEN | L10: 1 | M10: 1 | N10: 1 | O10: 1 | P10: 1 | Q10: PRIMARY_COURSE_COMPLETION_BADGE | R10: Certification enabled by default. Visible by default for demo and student dashboard access.
A11: DPS-GSEB-GUJ-STD02-GEN-ENG-26 | B11: DPS-GSEB-GUJ-STD02-GEN-ENG-2026 | C11: Drona Public School - Gujarat Board Education - Gujarati Medium - Standard 2 - GEN - English - 2026-2027 | D11: MASTER_ALL_GRADES_ALL_SUBJECTS_STANDARD | E11: MASTER-ALL-GRADES-ALL-SUBJECTS-STD-TEMPLATE | F11: 2026-2027 | G11: Academic Year 2026-2027 | H11: STD02 | I11: G1-G2 | J11: ENG | K11: GEN | L11: 1 | M11: 1 | N11: 1 | O11: 1 | P11: 1 | Q11: PRIMARY_COURSE_COMPLETION_BADGE | R11: Certification enabled by default. Visible by default for demo and student dashboard access.
A12: DPS-GSEB-GUJ-STD02-GEN-MATH-26 | B12: DPS-GSEB-GUJ-STD02-GEN-MATH-2026 | C12: Drona Public School - Gujarat Board Education - Gujarati Medium - Standard 2 - GEN - Mathematics - 2026-2027 | D12: MASTER_ALL_GRADES_ALL_SUBJECTS_STANDARD | E12: MASTER-ALL-GRADES-ALL-SUBJECTS-STD-TEMPLATE | F12: 2026-2027 | G12: Academic Year 2026-2027 | H12: STD02 | I12: G1-G2 | J12: MATH | K12: GEN | L12: 1 | M12: 1 | N12: 1 | O12: 1 | P12: 1 | Q12: PRIMARY_COURSE_COMPLETION_BADGE | R12: Certification enabled by default. Visible by default for demo and student dashboard access.
... A201: DPS-GSEB-ENG-STD11-SCI-PHY-26 | B201: DPS-GSEB-ENG-STD11-SCI-PHY-2026 | C201: Drona Public School - Gujarat Board Education - English Medium - Standard 11 - SCI - Physics - 2026-2027 | D201: MASTER_ALL_GRADES_ALL_SUBJECTS_STANDARD | E201: MASTER-ALL-GRADES-ALL-SUBJECTS-STD-TEMPLATE | F201: 2026-2027 | G201: Academic Year 2026-2027 | H201: STD11 | I201: G11-G12 | J201: PHY | K201: SCI | L201: 1 | M201: 1 | N201: 1 | O201: 1 | P201: 1 | Q201: HIGHER_SECONDARY_COURSE_COMPLETION_CERT | R201: Certification enabled by default. Visible by default for demo and student dashboard access.

Sheet 42_course_template_custom_field
A1: field_shortname | B1: field_name | C1: datatype | D1: recommended_values | E1: notes
A2: grade_level | B2: Grade Level | C2: shorttext | D2: Nursery|LKG|UKG|Balvatika|Std 1..Std 12 | E2: Course search/filter metadata
A3: subject_name | B3: Subject Name | C3: shorttext | D3: From 08_subjects.csv | E3: Course search/filter metadata
A4: academic_year | B4: Academic Year | C4: shorttext | D4: 2026-2027 | E4: Course lifecycle and archival metadata
A5: term | B5: Term / Semester | C5: dropdown | D5: Term 1|Term 2|Semester 1|Semester 2|Academic Year|Board Exam Prep | E5: Use in course name and filters
A6: language | B6: Language / Medium | C6: dropdown | D6: Gujarati|English|Hindi|Marathi|Urdu|Sanskrit|Other | E6: Course search/filter metadata
A7: publisher | B7: Publisher / Source | C7: shorttext | D7: School|GSEB|CBSE|NCERT|DIKSHA|Teacher-created | E7: Content source tracking
A8: course_duration | B8: Course Duration | C8: shorttext | D8: Term|Semester|Academic year|Board exam prep | E8: Course search/filter metadata
A9: pii_safety_level | B9: PII Safety Level | C9: dropdown | D9: No student PII in course content|Contains restricted staff-only notes | E9: Course content should not contain Aadhaar/address/health/parent phone data.

Sheet 43_course_template_review_check
A1: step | B1: phase | C1: check_item | D1: owner | E1: required
A2: 1 | B2: Design | C2: Master template has 13 sections, section 0 to section 12 | D2: Moodle admin | E2: 1
A3: 2 | B3: Design | C3: Each unit has intro, material, guided example, practice, discussion, knowledge check, completion task | D3: Academic coordinator | E3: 1
A4: 3 | B4: Compliance | C4: No full Aadhaar, address, medical, or parent phone data appears in course content | D4: Data protection lead | E4: 1
A5: 4 | B5: Import | C5: Create the hidden master template course before creating subject courses from templatecourse | D5: Moodle admin | E5: 1
A6: 5 | B6: Import | C6: Run CSV validation and dry-run scripts before production import | D6: Moodle admin | E6: 1
A7: 6 | B7: Review | C7: Teacher replaces placeholder content with grade/subject resources | D7: Teacher | E7: 1
A8: 7 | B8: Review | C8: Principal/academic head approves course before making visible | D8: Principal | E8: 1
A9: 8 | B9: Publish | C9: Course completion, gradebook, groups, cohorts, and role assignments verified | D9: Moodle admin | E9: 1

Sheet 44_certificate_badge_policy
A1: policy_code | B1: implementation | C1: requires_plugin | D1: visibility_rule | E1: notes
A2: PRIMARY_COURSE_COMPLETION_CERT | B2: mod_customcert verified PDF certificate | C2: 1 | D2: Available after configured course completion/final portfolio rule | E2: Default for Std 1-5 courses; enabled for every course.
A3: UPPER_PRIMARY_COURSE_COMPLETION_CERT | B3: mod_customcert verified PDF certificate | C3: 1 | D3: Available after configured course completion/final portfolio rule | E3: Default for Std 6-8 courses; enabled for every course.
A4: SECONDARY_COURSE_COMPLETION_CERT | B4: mod_customcert verified PDF certificate | C4: 1 | D4: Available after configured course completion/final portfolio rule | E4: Default for Std 9-10 courses.
A5: HIGHER_SECONDARY_COURSE_COMPLETION_CERT | B5: mod_customcert verified PDF certificate | C5: 1 | D5: Available after configured course completion/final portfolio rule | E5: Default for Std 11-12 courses.

Sheet 45_template_report_access_matri
A1: role_shortname | B1: course_reports | C1: completion_reports | D1: gradebook | E1: pii_access | F1: notes
A2: trustee_manager | B2: view | C2: view | D2: summary_only | E2: restricted | F2: Trust/category-level monitoring; avoid student PII unless legally required.
A3: principal | B3: view | C3: view | D3: view | E3: school_limited | F3: School category reporting; no site administration.
A4: editingteacher | B4: view | C4: view | D4: manage | E4: course_limited | F4: Subject course teaching and grading.
A5: student | B5: own_only | C5: own_only | D5: own_only | E5: own_profile | F5: Student sees own progress and grades only.
A6: parent | B6: child_only | C6: child_only | D6: child_only | E6: child_limited | F6: Parent role assigned in child user context only.

Sheet 46_behat_course_template_covera
A1: tested_area | B1: template_support | C1: csv_file
A2: Course setup | B2: Master course template, sections, hidden visibility, metadata fields | C2: 30_master_course_template.csv|31_course_template_sections.csv
A3: Activity completion | B3: Completion defaults for page/url/assign/quiz/forum/feedback | C3: 36_completion_tracking_defaults.csv|32_course_template_activities.csv
A4: Progress tracking | B4: Required completion tasks in each unit and course completion guidance | C4: 32_course_template_activities.csv
A5: Reports | B5: Role-based report access matrix and gradebook structure | C5: 41_template_report_access_matrix.csv|33_course_template_gradebook.csv
A6: Certificates / badges | B6: Core badge default and customcert optional policy | C6: 40_certificate_badge_policy.csv
A7: Search | B7: Course custom fields and tags for grade/subject/language/source | C7: 38_course_template_custom_fields.csv
A8: Roles | B8: Trustee Manager, Principal, Teacher, Student, Parent context guidance | C8: 18_role_guidelines.csv|41_template_report_access_matrix.csv
A9: PII-safe access | B9: No Aadhaar/address/health details in courses; profile fields remain role-restricted | C9: README_PRIVACY_AADHAAR.md|32_course_template_activities.csv

Sheet 47_diksha_content_template
A1: board_code | B1: medium_code | C1: grade_code | D1: stream_code | E1: subject_code | F1: chapter | G1: title | H1: diksha_identifier | I1: content_type | J1: resource_type | K1: language | L1: license | M1: attribution | N1: source_url | O1: artifact_url | P1: download_url | Q1: moodle_course_code | R1: moodle_section | S1: import_mode | T1: status
A2: GSEB | B2: GUJ | C2: STD01 | D2: GEN | E2: GUJ | F2: 1 | G2: Gujarati Chapter 1 | I2: Reference | J2: URL | K2: Gujarati | L2: Verify before use | M2: School academic team to verify official resource | Q2: DPS-GSEB-GUJ-STD01-GEN-GUJ-2026 | R2: 2 | S2: manual_review | T2: placeholder
A3: GSEB | B3: GUJ | C3: STD01 | D3: GEN | E3: GUJ | F3: 2 | G3: Gujarati Chapter 2 | I3: Reference | J3: URL | K3: Gujarati | L3: Verify before use | M3: School academic team to verify official resource | Q3: DPS-GSEB-GUJ-STD01-GEN-GUJ-2026 | R3: 3 | S3: manual_review | T3: placeholder
A4: GSEB | B4: GUJ | C4: STD01 | D4: GEN | E4: GUJ | F4: 3 | G4: Gujarati Chapter 3 | I4: Reference | J4: URL | K4: Gujarati | L4: Verify before use | M4: School academic team to verify official resource | Q4: DPS-GSEB-GUJ-STD01-GEN-GUJ-2026 | R4: 4 | S4: manual_review | T4: placeholder
A5: GSEB | B5: GUJ | C5: STD01 | D5: GEN | E5: GUJ | F5: 4 | G5: Gujarati Chapter 4 | I5: Reference | J5: URL | K5: Gujarati | L5: Verify before use | M5: School academic team to verify official resource | Q5: DPS-GSEB-GUJ-STD01-GEN-GUJ-2026 | R5: 5 | S5: manual_review | T5: placeholder
A6: GSEB | B6: GUJ | C6: STD01 | D6: GEN | E6: GUJ | F6: 5 | G6: Gujarati Chapter 5 | I6: Reference | J6: URL | K6: Gujarati | L6: Verify before use | M6: School academic team to verify official resource | Q6: DPS-GSEB-GUJ-STD01-GEN-GUJ-2026 | R6: 6 | S6: manual_review | T6: placeholder
A7: GSEB | B7: GUJ | C7: STD01 | D7: GEN | E7: GUJ | F7: 6 | G7: Gujarati Chapter 6 | I7: Reference | J7: URL | K7: Gujarati | L7: Verify before use | M7: School academic team to verify official resource | Q7: DPS-GSEB-GUJ-STD01-GEN-GUJ-2026 | R7: 7 | S7: manual_review | T7: placeholder
A8: GSEB | B8: GUJ | C8: STD01 | D8: GEN | E8: GUJ | F8: 7 | G8: Gujarati Chapter 7 | I8: Reference | J8: URL | K8: Gujarati | L8: Verify before use | M8: School academic team to verify official resource | Q8: DPS-GSEB-GUJ-STD01-GEN-GUJ-2026 | R8: 8 | S8: manual_review | T8: placeholder
A9: GSEB | B9: GUJ | C9: STD01 | D9: GEN | E9: GUJ | F9: 8 | G9: Gujarati Chapter 8 | I9: Reference | J9: URL | K9: Gujarati | L9: Verify before use | M9: School academic team to verify official resource | Q9: DPS-GSEB-GUJ-STD01-GEN-GUJ-2026 | R9: 9 | S9: manual_review | T9: placeholder
A10: GSEB | B10: GUJ | C10: STD01 | D10: GEN | E10: GUJ | F10: 9 | G10: Gujarati Chapter 9 | I10: Reference | J10: URL | K10: Gujarati | L10: Verify before use | M10: School academic team to verify official resource | Q10: DPS-GSEB-GUJ-STD01-GEN-GUJ-2026 | R10: 10 | S10: manual_review | T10: placeholder
A11: GSEB | B11: GUJ | C11: STD01 | D11: GEN | E11: GUJ | F11: 10 | G11: Gujarati Chapter 10 | I11: Reference | J11: URL | K11: Gujarati | L11: Verify before use | M11: School academic team to verify official resource | Q11: DPS-GSEB-GUJ-STD01-GEN-GUJ-2026 | R11: 11 | S11: manual_review | T11: placeholder
A12: GSEB | B12: GUJ | C12: STD01 | D12: GEN | E12: HIN | F12: 1 | G12: Hindi Chapter 1 | I12: Reference | J12: URL | K12: Gujarati | L12: Verify before use | M12: School academic team to verify official resource | Q12: DPS-GSEB-GUJ-STD01-GEN-HIN-2026 | R12: 2 | S12: manual_review | T12: placeholder
A13: GSEB | B13: GUJ | C13: STD01 | D13: GEN | E13: HIN | F13: 2 | G13: Hindi Chapter 2 | I13: Reference | J13: URL | K13: Gujarati | L13: Verify before use | M13: School academic team to verify official resource | Q13: DPS-GSEB-GUJ-STD01-GEN-HIN-2026 | R13: 3 | S13: manual_review | T13: placeholder
... A201: GSEB | B201: GUJ | C201: STD03 | D201: GEN | E201: ART | F201: 10 | G201: Art Education Chapter 10 | I201: Reference | J201: URL | K201: Gujarati | L201: Verify before use | M201: School academic team to verify official resource | Q201: DPS-GSEB-GUJ-STD03-GEN-ART-2026 | R201: 11 | S201: manual_review | T201: placeholder

Sheet 48_academic_year_transition_mod
A1: model_code | B1: model_name | C1: category_structure | D1: student_move_method | E1: when_to_use | F1: advantages | G1: risks_or_notes | H1: recommended
A2: YEAR_CATEGORY_NEW_COURSES | B2: Academic year category with new courses every year | C2: Trust > Board > School > Academic Year > Medium > Class/Std > Stream > Subject | D2: Create next-year cohorts, add students to target cohort, cohort sync enrols them into next-year courses/groups. | E2: Best for Indian schools needing annual records, board audits, gradebook history and clean year-wise course archives. | F2: Clear year-wise archive; old results remain untouched; easy to hide old academic year category. | G2: Creates more categories/courses; requires annual rollover process. | H2: YES
